Filename,Label,classID
enoutput_02024_10_07_22_49_51_552246.wav,fold_en,2
enoutput_10002024_10_07_22_49_51_552246.wav,fold_en,2
enoutput_1002024_10_07_22_49_51_552246.wav,fold_en,2
enoutput_10052024_10_07_22_49_51_552246.wav,fold_en,2
enoutput_10102024_10_07_22_49_51_552246.wav,fold_en,2
enoutput_10152024_10_07_22_49_51_552246.wav,fold_en,2
enoutput_10202024_10_07_22_49_51_552246.wav,fold_en,2
enoutput_102024_10_07_22_49_51_552246.wav,fold_en,2
enoutput_10252024_10_07_22_49_51_552246.wav,fold_en,2
enoutput_10302024_10_07_22_49_51_552246.wav,fold_en,2
enoutput_10352024_10_07_22_49_51_552246.wav,fold_en,2
enoutput_10402024_10_07_22_49_51_552246.wav,fold_en,2
enoutput_10452024_10_07_22_49_51_552246.wav,fold_en,2
enoutput_10502024_10_07_22_49_51_552246.wav,fold_en,2
enoutput_1052024_10_07_22_49_51_552246.wav,fold_en,2
enoutput_10552024_10_07_22_49_51_552246.wav,fold_en,2
enoutput_10602024_10_07_22_49_51_552246.wav,fold_en,2
enoutput_10652024_10_07_22_49_51_552246.wav,fold_en,2
enoutput_10702024_10_07_22_49_51_552246.wav,fold_en,2
enoutput_10752024_10_07_22_49_51_552246.wav,fold_en,2
enoutput_10802024_10_07_22_49_51_552246.wav,fold_en,2
enoutput_10852024_10_07_22_49_51_552246.wav,fold_en,2
enoutput_10902024_10_07_22_49_51_552246.wav,fold_en,2
enoutput_10952024_10_07_22_49_51_552246.wav,fold_en,2
enoutput_11002024_10_07_22_49_51_552246.wav,fold_en,2
enoutput_1102024_10_07_22_49_51_552246.wav,fold_en,2
enoutput_11052024_10_07_22_49_51_552246.wav,fold_en,2
enoutput_11102024_10_07_22_49_51_552246.wav,fold_en,2
enoutput_11152024_10_07_22_49_51_552246.wav,fold_en,2
enoutput_11202024_10_07_22_49_51_552246.wav,fold_en,2
enoutput_11252024_10_07_22_49_51_552246.wav,fold_en,2
enoutput_11302024_10_07_22_49_51_552246.wav,fold_en,2
enoutput_11352024_10_07_22_49_51_552246.wav,fold_en,2
enoutput_11402024_10_07_22_49_51_552246.wav,fold_en,2
enoutput_11452024_10_07_22_49_51_552246.wav,fold_en,2
enoutput_11502024_10_07_22_49_51_552246.wav,fold_en,2
enoutput_1152024_10_07_22_49_51_552246.wav,fold_en,2
enoutput_11552024_10_07_22_49_51_552246.wav,fold_en,2
enoutput_11602024_10_07_22_49_51_552246.wav,fold_en,2
enoutput_11652024_10_07_22_49_51_552246.wav,fold_en,2
enoutput_11702024_10_07_22_49_51_552246.wav,fold_en,2
enoutput_11752024_10_07_22_49_51_552246.wav,fold_en,2
enoutput_11802024_10_07_22_49_51_552246.wav,fold_en,2
enoutput_11852024_10_07_22_49_51_552246.wav,fold_en,2
enoutput_11902024_10_07_22_49_51_552246.wav,fold_en,2
enoutput_11952024_10_07_22_49_51_552246.wav,fold_en,2
enoutput_12002024_10_07_22_49_51_552246.wav,fold_en,2
enoutput_1202024_10_07_22_49_51_552246.wav,fold_en,2
enoutput_12052024_10_07_22_49_51_552246.wav,fold_en,2
enoutput_12102024_10_07_22_49_51_552246.wav,fold_en,2
enoutput_12152024_10_07_22_49_51_552246.wav,fold_en,2
enoutput_12202024_10_07_22_49_51_552246.wav,fold_en,2
enoutput_12252024_10_07_22_49_51_552246.wav,fold_en,2
enoutput_12302024_10_07_22_49_51_552246.wav,fold_en,2
enoutput_12352024_10_07_22_49_51_552246.wav,fold_en,2
enoutput_12402024_10_07_22_49_51_552246.wav,fold_en,2
enoutput_12452024_10_07_22_49_51_552246.wav,fold_en,2
enoutput_12502024_10_07_22_49_51_552246.wav,fold_en,2
enoutput_1252024_10_07_22_49_51_552246.wav,fold_en,2
enoutput_12552024_10_07_22_49_51_552246.wav,fold_en,2
enoutput_12602024_10_07_22_49_51_552246.wav,fold_en,2
enoutput_12652024_10_07_22_49_51_552246.wav,fold_en,2
enoutput_12702024_10_07_22_49_51_552246.wav,fold_en,2
enoutput_12752024_10_07_22_49_51_552246.wav,fold_en,2
enoutput_12802024_10_07_22_49_51_552246.wav,fold_en,2
enoutput_12852024_10_07_22_49_51_552246.wav,fold_en,2
enoutput_12902024_10_07_22_49_51_552246.wav,fold_en,2
enoutput_12952024_10_07_22_49_51_552246.wav,fold_en,2
enoutput_13002024_10_07_22_49_51_552246.wav,fold_en,2
enoutput_1302024_10_07_22_49_51_552246.wav,fold_en,2
enoutput_13052024_10_07_22_49_51_552246.wav,fold_en,2
enoutput_13102024_10_07_22_49_51_552246.wav,fold_en,2
enoutput_13152024_10_07_22_49_51_552246.wav,fold_en,2
enoutput_13202024_10_07_22_49_51_552246.wav,fold_en,2
enoutput_13252024_10_07_22_49_51_552246.wav,fold_en,2
enoutput_13302024_10_07_22_49_51_552246.wav,fold_en,2
enoutput_13352024_10_07_22_49_51_552246.wav,fold_en,2
enoutput_13402024_10_07_22_49_51_552246.wav,fold_en,2
enoutput_13452024_10_07_22_49_51_552246.wav,fold_en,2
enoutput_13502024_10_07_22_49_51_552246.wav,fold_en,2
enoutput_1352024_10_07_22_49_51_552246.wav,fold_en,2
enoutput_13552024_10_07_22_49_51_552246.wav,fold_en,2
enoutput_13602024_10_07_22_49_51_552246.wav,fold_en,2
enoutput_13652024_10_07_22_49_51_552246.wav,fold_en,2
enoutput_13702024_10_07_22_49_51_552246.wav,fold_en,2
enoutput_13752024_10_07_22_49_51_552246.wav,fold_en,2
enoutput_13802024_10_07_22_49_51_552246.wav,fold_en,2
enoutput_13852024_10_07_22_49_51_552246.wav,fold_en,2
enoutput_13902024_10_07_22_49_51_552246.wav,fold_en,2
enoutput_13952024_10_07_22_49_51_552246.wav,fold_en,2
enoutput_14002024_10_07_22_49_51_552246.wav,fold_en,2
enoutput_1402024_10_07_22_49_51_552246.wav,fold_en,2
enoutput_14052024_10_07_22_49_51_552246.wav,fold_en,2
enoutput_14102024_10_07_22_49_51_552246.wav,fold_en,2
enoutput_14152024_10_07_22_49_51_552246.wav,fold_en,2
enoutput_14202024_10_07_22_49_51_552246.wav,fold_en,2
enoutput_14252024_10_07_22_49_51_552246.wav,fold_en,2
enoutput_14302024_10_07_22_49_51_552246.wav,fold_en,2
enoutput_14352024_10_07_22_49_51_552246.wav,fold_en,2
enoutput_14402024_10_07_22_49_51_552246.wav,fold_en,2
enoutput_14452024_10_07_22_49_51_552246.wav,fold_en,2
enoutput_14502024_10_07_22_49_51_552246.wav,fold_en,2
enoutput_1452024_10_07_22_49_51_552246.wav,fold_en,2
enoutput_14552024_10_07_22_49_51_552246.wav,fold_en,2
enoutput_14602024_10_07_22_49_51_552246.wav,fold_en,2
enoutput_14652024_10_07_22_49_51_552246.wav,fold_en,2
enoutput_14702024_10_07_22_49_51_552246.wav,fold_en,2
enoutput_14752024_10_07_22_49_51_552246.wav,fold_en,2
enoutput_14802024_10_07_22_49_51_552246.wav,fold_en,2
enoutput_14852024_10_07_22_49_51_552246.wav,fold_en,2
enoutput_14902024_10_07_22_49_51_552246.wav,fold_en,2
enoutput_14952024_10_07_22_49_51_552246.wav,fold_en,2
enoutput_15002024_10_07_22_49_51_552246.wav,fold_en,2
enoutput_1502024_10_07_22_49_51_552246.wav,fold_en,2
enoutput_15052024_10_07_22_49_51_552246.wav,fold_en,2
enoutput_15102024_10_07_22_49_51_552246.wav,fold_en,2
enoutput_15152024_10_07_22_49_51_552246.wav,fold_en,2
enoutput_15202024_10_07_22_49_51_552246.wav,fold_en,2
enoutput_152024_10_07_22_49_51_552246.wav,fold_en,2
enoutput_15252024_10_07_22_49_51_552246.wav,fold_en,2
enoutput_15302024_10_07_22_49_51_552246.wav,fold_en,2
enoutput_15352024_10_07_22_49_51_552246.wav,fold_en,2
enoutput_15402024_10_07_22_49_51_552246.wav,fold_en,2
enoutput_15452024_10_07_22_49_51_552246.wav,fold_en,2
enoutput_15502024_10_07_22_49_51_552246.wav,fold_en,2
enoutput_1552024_10_07_22_49_51_552246.wav,fold_en,2
enoutput_15552024_10_07_22_49_51_552246.wav,fold_en,2
enoutput_15602024_10_07_22_49_51_552246.wav,fold_en,2
enoutput_15652024_10_07_22_49_51_552246.wav,fold_en,2
enoutput_15702024_10_07_22_49_51_552246.wav,fold_en,2
enoutput_15752024_10_07_22_49_51_552246.wav,fold_en,2
enoutput_15802024_10_07_22_49_51_552246.wav,fold_en,2
enoutput_15852024_10_07_22_49_51_552246.wav,fold_en,2
enoutput_15902024_10_07_22_49_51_552246.wav,fold_en,2
enoutput_15952024_10_07_22_49_51_552246.wav,fold_en,2
enoutput_16002024_10_07_22_49_51_552246.wav,fold_en,2
enoutput_1602024_10_07_22_49_51_552246.wav,fold_en,2
enoutput_16052024_10_07_22_49_51_552246.wav,fold_en,2
enoutput_16102024_10_07_22_49_51_552246.wav,fold_en,2
enoutput_16152024_10_07_22_49_51_552246.wav,fold_en,2
enoutput_16202024_10_07_22_49_51_552246.wav,fold_en,2
enoutput_16252024_10_07_22_49_51_552246.wav,fold_en,2
enoutput_16302024_10_07_22_49_51_552246.wav,fold_en,2
enoutput_16352024_10_07_22_49_51_552246.wav,fold_en,2
enoutput_16402024_10_07_22_49_51_552246.wav,fold_en,2
enoutput_16452024_10_07_22_49_51_552246.wav,fold_en,2
enoutput_16502024_10_07_22_49_51_552246.wav,fold_en,2
enoutput_1652024_10_07_22_49_51_552246.wav,fold_en,2
enoutput_16552024_10_07_22_49_51_552246.wav,fold_en,2
enoutput_16602024_10_07_22_49_51_552246.wav,fold_en,2
enoutput_16652024_10_07_22_49_51_552246.wav,fold_en,2
enoutput_16702024_10_07_22_49_51_552246.wav,fold_en,2
enoutput_16752024_10_07_22_49_51_552246.wav,fold_en,2
enoutput_16802024_10_07_22_49_51_552246.wav,fold_en,2
enoutput_16852024_10_07_22_49_51_552246.wav,fold_en,2
enoutput_16902024_10_07_22_49_51_552246.wav,fold_en,2
enoutput_16952024_10_07_22_49_51_552246.wav,fold_en,2
enoutput_17002024_10_07_22_49_51_552246.wav,fold_en,2
enoutput_1702024_10_07_22_49_51_552246.wav,fold_en,2
enoutput_17052024_10_07_22_49_51_552246.wav,fold_en,2
enoutput_17102024_10_07_22_49_51_552246.wav,fold_en,2
enoutput_17152024_10_07_22_49_51_552246.wav,fold_en,2
enoutput_17202024_10_07_22_49_51_552246.wav,fold_en,2
enoutput_17252024_10_07_22_49_51_552246.wav,fold_en,2
enoutput_17302024_10_07_22_49_51_552246.wav,fold_en,2
enoutput_17352024_10_07_22_49_51_552246.wav,fold_en,2
enoutput_17402024_10_07_22_49_51_552246.wav,fold_en,2
enoutput_17452024_10_07_22_49_51_552246.wav,fold_en,2
enoutput_17502024_10_07_22_49_51_552246.wav,fold_en,2
enoutput_1752024_10_07_22_49_51_552246.wav,fold_en,2
enoutput_17552024_10_07_22_49_51_552246.wav,fold_en,2
enoutput_17602024_10_07_22_49_51_552246.wav,fold_en,2
enoutput_17652024_10_07_22_49_51_552246.wav,fold_en,2
enoutput_17702024_10_07_22_49_51_552246.wav,fold_en,2
enoutput_17752024_10_07_22_49_51_552246.wav,fold_en,2
enoutput_17802024_10_07_22_49_51_552246.wav,fold_en,2
enoutput_17852024_10_07_22_49_51_552246.wav,fold_en,2
enoutput_17902024_10_07_22_49_51_552246.wav,fold_en,2
enoutput_17952024_10_07_22_49_51_552246.wav,fold_en,2
enoutput_18002024_10_07_22_49_51_552246.wav,fold_en,2
enoutput_1802024_10_07_22_49_51_552246.wav,fold_en,2
enoutput_18052024_10_07_22_49_51_552246.wav,fold_en,2
enoutput_18102024_10_07_22_49_51_552246.wav,fold_en,2
enoutput_18152024_10_07_22_49_51_552246.wav,fold_en,2
enoutput_18202024_10_07_22_49_51_552246.wav,fold_en,2
enoutput_18252024_10_07_22_49_51_552246.wav,fold_en,2
enoutput_18302024_10_07_22_49_51_552246.wav,fold_en,2
enoutput_18352024_10_07_22_49_51_552246.wav,fold_en,2
enoutput_18402024_10_07_22_49_51_552246.wav,fold_en,2
enoutput_18452024_10_07_22_49_51_552246.wav,fold_en,2
enoutput_18502024_10_07_22_49_51_552246.wav,fold_en,2
enoutput_1852024_10_07_22_49_51_552246.wav,fold_en,2
enoutput_18552024_10_07_22_49_51_552246.wav,fold_en,2
enoutput_18602024_10_07_22_49_51_552246.wav,fold_en,2
enoutput_18652024_10_07_22_49_51_552246.wav,fold_en,2
enoutput_18702024_10_07_22_49_51_552246.wav,fold_en,2
enoutput_18752024_10_07_22_49_51_552246.wav,fold_en,2
enoutput_18802024_10_07_22_49_51_552246.wav,fold_en,2
enoutput_18852024_10_07_22_49_51_552246.wav,fold_en,2
enoutput_18902024_10_07_22_49_51_552246.wav,fold_en,2
enoutput_18952024_10_07_22_49_51_552246.wav,fold_en,2
enoutput_19002024_10_07_22_49_51_552246.wav,fold_en,2
enoutput_1902024_10_07_22_49_51_552246.wav,fold_en,2
enoutput_19052024_10_07_22_49_51_552246.wav,fold_en,2
enoutput_19102024_10_07_22_49_51_552246.wav,fold_en,2
enoutput_19152024_10_07_22_49_51_552246.wav,fold_en,2
enoutput_19202024_10_07_22_49_51_552246.wav,fold_en,2
enoutput_19252024_10_07_22_49_51_552246.wav,fold_en,2
enoutput_19302024_10_07_22_49_51_552246.wav,fold_en,2
enoutput_19352024_10_07_22_49_51_552246.wav,fold_en,2
enoutput_19402024_10_07_22_49_51_552246.wav,fold_en,2
enoutput_19452024_10_07_22_49_51_552246.wav,fold_en,2
enoutput_19502024_10_07_22_49_51_552246.wav,fold_en,2
enoutput_1952024_10_07_22_49_51_552246.wav,fold_en,2
enoutput_19552024_10_07_22_49_51_552246.wav,fold_en,2
enoutput_19602024_10_07_22_49_51_552246.wav,fold_en,2
enoutput_19652024_10_07_22_49_51_552246.wav,fold_en,2
enoutput_19702024_10_07_22_49_51_552246.wav,fold_en,2
enoutput_19752024_10_07_22_49_51_552246.wav,fold_en,2
enoutput_19802024_10_07_22_49_51_552246.wav,fold_en,2
enoutput_19852024_10_07_22_49_51_552246.wav,fold_en,2
enoutput_19902024_10_07_22_49_51_552246.wav,fold_en,2
enoutput_19952024_10_07_22_49_51_552246.wav,fold_en,2
enoutput_20002024_10_07_22_49_51_552246.wav,fold_en,2
enoutput_2002024_10_07_22_49_51_552246.wav,fold_en,2
enoutput_20052024_10_07_22_49_51_552246.wav,fold_en,2
enoutput_20102024_10_07_22_49_51_552246.wav,fold_en,2
enoutput_20152024_10_07_22_49_51_552246.wav,fold_en,2
enoutput_20202024_10_07_22_49_51_552246.wav,fold_en,2
enoutput_202024_10_07_22_49_51_552246.wav,fold_en,2
enoutput_20252024_10_07_22_49_51_552246.wav,fold_en,2
enoutput_20302024_10_07_22_49_51_552246.wav,fold_en,2
enoutput_20352024_10_07_22_49_51_552246.wav,fold_en,2
enoutput_20402024_10_07_22_49_51_552246.wav,fold_en,2
enoutput_20452024_10_07_22_49_51_552246.wav,fold_en,2
enoutput_20502024_10_07_22_49_51_552246.wav,fold_en,2
enoutput_2052024_10_07_22_49_51_552246.wav,fold_en,2
enoutput_20552024_10_07_22_49_51_552246.wav,fold_en,2
enoutput_20602024_10_07_22_49_51_552246.wav,fold_en,2
enoutput_20652024_10_07_22_49_51_552246.wav,fold_en,2
enoutput_20702024_10_07_22_49_51_552246.wav,fold_en,2
enoutput_20752024_10_07_22_49_51_552246.wav,fold_en,2
enoutput_20802024_10_07_22_49_51_552246.wav,fold_en,2
enoutput_20852024_10_07_22_49_51_552246.wav,fold_en,2
enoutput_20902024_10_07_22_49_51_552246.wav,fold_en,2
enoutput_20952024_10_07_22_49_51_552246.wav,fold_en,2
enoutput_21002024_10_07_22_49_51_552246.wav,fold_en,2
enoutput_2102024_10_07_22_49_51_552246.wav,fold_en,2
enoutput_21052024_10_07_22_49_51_552246.wav,fold_en,2
enoutput_21102024_10_07_22_49_51_552246.wav,fold_en,2
enoutput_21152024_10_07_22_49_51_552246.wav,fold_en,2
enoutput_21202024_10_07_22_49_51_552246.wav,fold_en,2
enoutput_21252024_10_07_22_49_51_552246.wav,fold_en,2
enoutput_21302024_10_07_22_49_51_552246.wav,fold_en,2
enoutput_21352024_10_07_22_49_51_552246.wav,fold_en,2
enoutput_21402024_10_07_22_49_51_552246.wav,fold_en,2
enoutput_21452024_10_07_22_49_51_552246.wav,fold_en,2
enoutput_21502024_10_07_22_49_51_552246.wav,fold_en,2
enoutput_2152024_10_07_22_49_51_552246.wav,fold_en,2
enoutput_21552024_10_07_22_49_51_552246.wav,fold_en,2
enoutput_21602024_10_07_22_49_51_552246.wav,fold_en,2
enoutput_21652024_10_07_22_49_51_552246.wav,fold_en,2
enoutput_21702024_10_07_22_49_51_552246.wav,fold_en,2
enoutput_21752024_10_07_22_49_51_552246.wav,fold_en,2
enoutput_21802024_10_07_22_49_51_552246.wav,fold_en,2
enoutput_21852024_10_07_22_49_51_552246.wav,fold_en,2
enoutput_21902024_10_07_22_49_51_552246.wav,fold_en,2
enoutput_21952024_10_07_22_49_51_552246.wav,fold_en,2
enoutput_22002024_10_07_22_49_51_552246.wav,fold_en,2
enoutput_2202024_10_07_22_49_51_552246.wav,fold_en,2
enoutput_22052024_10_07_22_49_51_552246.wav,fold_en,2
enoutput_22102024_10_07_22_49_51_552246.wav,fold_en,2
enoutput_22152024_10_07_22_49_51_552246.wav,fold_en,2
enoutput_22202024_10_07_22_49_51_552246.wav,fold_en,2
enoutput_22252024_10_07_22_49_51_552246.wav,fold_en,2
enoutput_22302024_10_07_22_49_51_552246.wav,fold_en,2
enoutput_22352024_10_07_22_49_51_552246.wav,fold_en,2
enoutput_22402024_10_07_22_49_51_552246.wav,fold_en,2
enoutput_22452024_10_07_22_49_51_552246.wav,fold_en,2
enoutput_22502024_10_07_22_49_51_552246.wav,fold_en,2
enoutput_2252024_10_07_22_49_51_552246.wav,fold_en,2
enoutput_22552024_10_07_22_49_51_552246.wav,fold_en,2
enoutput_22602024_10_07_22_49_51_552246.wav,fold_en,2
enoutput_22652024_10_07_22_49_51_552246.wav,fold_en,2
enoutput_22702024_10_07_22_49_51_552246.wav,fold_en,2
enoutput_22752024_10_07_22_49_51_552246.wav,fold_en,2
enoutput_22802024_10_07_22_49_51_552246.wav,fold_en,2
enoutput_22852024_10_07_22_49_51_552246.wav,fold_en,2
enoutput_22902024_10_07_22_49_51_552246.wav,fold_en,2
enoutput_22952024_10_07_22_49_51_552246.wav,fold_en,2
enoutput_23002024_10_07_22_49_51_552246.wav,fold_en,2
enoutput_2302024_10_07_22_49_51_552246.wav,fold_en,2
enoutput_23052024_10_07_22_49_51_552246.wav,fold_en,2
enoutput_23102024_10_07_22_49_51_552246.wav,fold_en,2
enoutput_23152024_10_07_22_49_51_552246.wav,fold_en,2
enoutput_23202024_10_07_22_49_51_552246.wav,fold_en,2
enoutput_23252024_10_07_22_49_51_552246.wav,fold_en,2
enoutput_23302024_10_07_22_49_51_552246.wav,fold_en,2
enoutput_23352024_10_07_22_49_51_552246.wav,fold_en,2
enoutput_23402024_10_07_22_49_51_552246.wav,fold_en,2
enoutput_23452024_10_07_22_49_51_552246.wav,fold_en,2
enoutput_23502024_10_07_22_49_51_552246.wav,fold_en,2
enoutput_2352024_10_07_22_49_51_552246.wav,fold_en,2
enoutput_23552024_10_07_22_49_51_552246.wav,fold_en,2
enoutput_23602024_10_07_22_49_51_552246.wav,fold_en,2
enoutput_23652024_10_07_22_49_51_552246.wav,fold_en,2
enoutput_23702024_10_07_22_49_51_552246.wav,fold_en,2
enoutput_23752024_10_07_22_49_51_552246.wav,fold_en,2
enoutput_23802024_10_07_22_49_51_552246.wav,fold_en,2
enoutput_23852024_10_07_22_49_51_552246.wav,fold_en,2
enoutput_23902024_10_07_22_49_51_552246.wav,fold_en,2
enoutput_23952024_10_07_22_49_51_552246.wav,fold_en,2
enoutput_24002024_10_07_22_49_51_552246.wav,fold_en,2
enoutput_2402024_10_07_22_49_51_552246.wav,fold_en,2
enoutput_24052024_10_07_22_49_51_552246.wav,fold_en,2
enoutput_24102024_10_07_22_49_51_552246.wav,fold_en,2
enoutput_24152024_10_07_22_49_51_552246.wav,fold_en,2
enoutput_24202024_10_07_22_49_51_552246.wav,fold_en,2
enoutput_24252024_10_07_22_49_51_552246.wav,fold_en,2
enoutput_24302024_10_07_22_49_51_552246.wav,fold_en,2
enoutput_24352024_10_07_22_49_51_552246.wav,fold_en,2
enoutput_24402024_10_07_22_49_51_552246.wav,fold_en,2
enoutput_24452024_10_07_22_49_51_552246.wav,fold_en,2
enoutput_24502024_10_07_22_49_51_552246.wav,fold_en,2
enoutput_2452024_10_07_22_49_51_552246.wav,fold_en,2
enoutput_24552024_10_07_22_49_51_552246.wav,fold_en,2
enoutput_24602024_10_07_22_49_51_552246.wav,fold_en,2
enoutput_24652024_10_07_22_49_51_552246.wav,fold_en,2
enoutput_24702024_10_07_22_49_51_552246.wav,fold_en,2
enoutput_24752024_10_07_22_49_51_552246.wav,fold_en,2
enoutput_24802024_10_07_22_49_51_552246.wav,fold_en,2
enoutput_24852024_10_07_22_49_51_552246.wav,fold_en,2
enoutput_24902024_10_07_22_49_51_552246.wav,fold_en,2
enoutput_24952024_10_07_22_49_51_552246.wav,fold_en,2
enoutput_25002024_10_07_22_49_51_552246.wav,fold_en,2
enoutput_2502024_10_07_22_49_51_552246.wav,fold_en,2
enoutput_25052024_10_07_22_49_51_552246.wav,fold_en,2
enoutput_25102024_10_07_22_49_51_552246.wav,fold_en,2
enoutput_25152024_10_07_22_49_51_552246.wav,fold_en,2
enoutput_25202024_10_07_22_49_51_552246.wav,fold_en,2
enoutput_252024_10_07_22_49_51_552246.wav,fold_en,2
enoutput_25252024_10_07_22_49_51_552246.wav,fold_en,2
enoutput_25302024_10_07_22_49_51_552246.wav,fold_en,2
enoutput_25352024_10_07_22_49_51_552246.wav,fold_en,2
enoutput_25402024_10_07_22_49_51_552246.wav,fold_en,2
enoutput_25452024_10_07_22_49_51_552246.wav,fold_en,2
enoutput_25502024_10_07_22_49_51_552246.wav,fold_en,2
enoutput_2552024_10_07_22_49_51_552246.wav,fold_en,2
enoutput_25552024_10_07_22_49_51_552246.wav,fold_en,2
enoutput_25602024_10_07_22_49_51_552246.wav,fold_en,2
enoutput_25652024_10_07_22_49_51_552246.wav,fold_en,2
enoutput_25702024_10_07_22_49_51_552246.wav,fold_en,2
enoutput_25752024_10_07_22_49_51_552246.wav,fold_en,2
enoutput_25802024_10_07_22_49_51_552246.wav,fold_en,2
enoutput_25852024_10_07_22_49_51_552246.wav,fold_en,2
enoutput_25902024_10_07_22_49_51_552246.wav,fold_en,2
enoutput_25952024_10_07_22_49_51_552246.wav,fold_en,2
enoutput_26002024_10_07_22_49_51_552246.wav,fold_en,2
enoutput_2602024_10_07_22_49_51_552246.wav,fold_en,2
enoutput_26052024_10_07_22_49_51_552246.wav,fold_en,2
enoutput_26102024_10_07_22_49_51_552246.wav,fold_en,2
enoutput_26152024_10_07_22_49_51_552246.wav,fold_en,2
enoutput_26202024_10_07_22_49_51_552246.wav,fold_en,2
enoutput_26252024_10_07_22_49_51_552246.wav,fold_en,2
enoutput_26302024_10_07_22_49_51_552246.wav,fold_en,2
enoutput_26352024_10_07_22_49_51_552246.wav,fold_en,2
enoutput_26402024_10_07_22_49_51_552246.wav,fold_en,2
enoutput_26452024_10_07_22_49_51_552246.wav,fold_en,2
enoutput_26502024_10_07_22_49_51_552246.wav,fold_en,2
enoutput_2652024_10_07_22_49_51_552246.wav,fold_en,2
enoutput_26552024_10_07_22_49_51_552246.wav,fold_en,2
enoutput_26602024_10_07_22_49_51_552246.wav,fold_en,2
enoutput_26652024_10_07_22_49_51_552246.wav,fold_en,2
enoutput_26702024_10_07_22_49_51_552246.wav,fold_en,2
enoutput_26752024_10_07_22_49_51_552246.wav,fold_en,2
enoutput_26802024_10_07_22_49_51_552246.wav,fold_en,2
enoutput_26852024_10_07_22_49_51_552246.wav,fold_en,2
enoutput_26902024_10_07_22_49_51_552246.wav,fold_en,2
enoutput_26952024_10_07_22_49_51_552246.wav,fold_en,2
enoutput_27002024_10_07_22_49_51_552246.wav,fold_en,2
enoutput_2702024_10_07_22_49_51_552246.wav,fold_en,2
enoutput_27052024_10_07_22_49_51_552246.wav,fold_en,2
enoutput_27102024_10_07_22_49_51_552246.wav,fold_en,2
enoutput_27152024_10_07_22_49_51_552246.wav,fold_en,2
enoutput_27202024_10_07_22_49_51_552246.wav,fold_en,2
enoutput_27252024_10_07_22_49_51_552246.wav,fold_en,2
enoutput_27302024_10_07_22_49_51_552246.wav,fold_en,2
enoutput_2752024_10_07_22_49_51_552246.wav,fold_en,2
enoutput_2802024_10_07_22_49_51_552246.wav,fold_en,2
enoutput_2852024_10_07_22_49_51_552246.wav,fold_en,2
enoutput_2902024_10_07_22_49_51_552246.wav,fold_en,2
enoutput_2952024_10_07_22_49_51_552246.wav,fold_en,2
enoutput_3002024_10_07_22_49_51_552246.wav,fold_en,2
enoutput_302024_10_07_22_49_51_552246.wav,fold_en,2
enoutput_3052024_10_07_22_49_51_552246.wav,fold_en,2
enoutput_3102024_10_07_22_49_51_552246.wav,fold_en,2
enoutput_3152024_10_07_22_49_51_552246.wav,fold_en,2
enoutput_3202024_10_07_22_49_51_552246.wav,fold_en,2
enoutput_3252024_10_07_22_49_51_552246.wav,fold_en,2
enoutput_3302024_10_07_22_49_51_552246.wav,fold_en,2
enoutput_3352024_10_07_22_49_51_552246.wav,fold_en,2
enoutput_3402024_10_07_22_49_51_552246.wav,fold_en,2
enoutput_3452024_10_07_22_49_51_552246.wav,fold_en,2
enoutput_3502024_10_07_22_49_51_552246.wav,fold_en,2
enoutput_352024_10_07_22_49_51_552246.wav,fold_en,2
enoutput_3552024_10_07_22_49_51_552246.wav,fold_en,2
enoutput_3602024_10_07_22_49_51_552246.wav,fold_en,2
enoutput_3652024_10_07_22_49_51_552246.wav,fold_en,2
enoutput_3702024_10_07_22_49_51_552246.wav,fold_en,2
enoutput_3752024_10_07_22_49_51_552246.wav,fold_en,2
enoutput_3802024_10_07_22_49_51_552246.wav,fold_en,2
enoutput_3852024_10_07_22_49_51_552246.wav,fold_en,2
enoutput_3902024_10_07_22_49_51_552246.wav,fold_en,2
enoutput_3952024_10_07_22_49_51_552246.wav,fold_en,2
enoutput_4002024_10_07_22_49_51_552246.wav,fold_en,2
enoutput_402024_10_07_22_49_51_552246.wav,fold_en,2
enoutput_4052024_10_07_22_49_51_552246.wav,fold_en,2
enoutput_4102024_10_07_22_49_51_552246.wav,fold_en,2
enoutput_4152024_10_07_22_49_51_552246.wav,fold_en,2
enoutput_4202024_10_07_22_49_51_552246.wav,fold_en,2
enoutput_4252024_10_07_22_49_51_552246.wav,fold_en,2
enoutput_4302024_10_07_22_49_51_552246.wav,fold_en,2
enoutput_4352024_10_07_22_49_51_552246.wav,fold_en,2
enoutput_4402024_10_07_22_49_51_552246.wav,fold_en,2
enoutput_4452024_10_07_22_49_51_552246.wav,fold_en,2
enoutput_4502024_10_07_22_49_51_552246.wav,fold_en,2
enoutput_452024_10_07_22_49_51_552246.wav,fold_en,2
enoutput_4552024_10_07_22_49_51_552246.wav,fold_en,2
enoutput_4602024_10_07_22_49_51_552246.wav,fold_en,2
enoutput_4652024_10_07_22_49_51_552246.wav,fold_en,2
enoutput_4702024_10_07_22_49_51_552246.wav,fold_en,2
enoutput_4752024_10_07_22_49_51_552246.wav,fold_en,2
enoutput_4802024_10_07_22_49_51_552246.wav,fold_en,2
enoutput_4852024_10_07_22_49_51_552246.wav,fold_en,2
enoutput_4902024_10_07_22_49_51_552246.wav,fold_en,2
enoutput_4952024_10_07_22_49_51_552246.wav,fold_en,2
enoutput_5002024_10_07_22_49_51_552246.wav,fold_en,2
enoutput_502024_10_07_22_49_51_552246.wav,fold_en,2
enoutput_5052024_10_07_22_49_51_552246.wav,fold_en,2
enoutput_5102024_10_07_22_49_51_552246.wav,fold_en,2
enoutput_5152024_10_07_22_49_51_552246.wav,fold_en,2
enoutput_5202024_10_07_22_49_51_552246.wav,fold_en,2
enoutput_52024_10_07_22_49_51_552246.wav,fold_en,2
enoutput_5252024_10_07_22_49_51_552246.wav,fold_en,2
enoutput_5302024_10_07_22_49_51_552246.wav,fold_en,2
enoutput_5352024_10_07_22_49_51_552246.wav,fold_en,2
enoutput_5402024_10_07_22_49_51_552246.wav,fold_en,2
enoutput_5452024_10_07_22_49_51_552246.wav,fold_en,2
enoutput_5502024_10_07_22_49_51_552246.wav,fold_en,2
enoutput_552024_10_07_22_49_51_552246.wav,fold_en,2
enoutput_5552024_10_07_22_49_51_552246.wav,fold_en,2
enoutput_5602024_10_07_22_49_51_552246.wav,fold_en,2
enoutput_5652024_10_07_22_49_51_552246.wav,fold_en,2
enoutput_5702024_10_07_22_49_51_552246.wav,fold_en,2
enoutput_5752024_10_07_22_49_51_552246.wav,fold_en,2
enoutput_5802024_10_07_22_49_51_552246.wav,fold_en,2
enoutput_5852024_10_07_22_49_51_552246.wav,fold_en,2
enoutput_5902024_10_07_22_49_51_552246.wav,fold_en,2
enoutput_5952024_10_07_22_49_51_552246.wav,fold_en,2
enoutput_6002024_10_07_22_49_51_552246.wav,fold_en,2
enoutput_602024_10_07_22_49_51_552246.wav,fold_en,2
enoutput_6052024_10_07_22_49_51_552246.wav,fold_en,2
enoutput_6102024_10_07_22_49_51_552246.wav,fold_en,2
enoutput_6152024_10_07_22_49_51_552246.wav,fold_en,2
enoutput_6202024_10_07_22_49_51_552246.wav,fold_en,2
enoutput_6252024_10_07_22_49_51_552246.wav,fold_en,2
enoutput_6302024_10_07_22_49_51_552246.wav,fold_en,2
enoutput_6352024_10_07_22_49_51_552246.wav,fold_en,2
enoutput_6402024_10_07_22_49_51_552246.wav,fold_en,2
enoutput_6452024_10_07_22_49_51_552246.wav,fold_en,2
enoutput_6502024_10_07_22_49_51_552246.wav,fold_en,2
enoutput_652024_10_07_22_49_51_552246.wav,fold_en,2
enoutput_6552024_10_07_22_49_51_552246.wav,fold_en,2
enoutput_6602024_10_07_22_49_51_552246.wav,fold_en,2
enoutput_6652024_10_07_22_49_51_552246.wav,fold_en,2
enoutput_6702024_10_07_22_49_51_552246.wav,fold_en,2
enoutput_6752024_10_07_22_49_51_552246.wav,fold_en,2
enoutput_6802024_10_07_22_49_51_552246.wav,fold_en,2
enoutput_6852024_10_07_22_49_51_552246.wav,fold_en,2
enoutput_6902024_10_07_22_49_51_552246.wav,fold_en,2
enoutput_6952024_10_07_22_49_51_552246.wav,fold_en,2
enoutput_7002024_10_07_22_49_51_552246.wav,fold_en,2
enoutput_702024_10_07_22_49_51_552246.wav,fold_en,2
enoutput_7052024_10_07_22_49_51_552246.wav,fold_en,2
enoutput_7102024_10_07_22_49_51_552246.wav,fold_en,2
enoutput_7152024_10_07_22_49_51_552246.wav,fold_en,2
enoutput_7202024_10_07_22_49_51_552246.wav,fold_en,2
enoutput_7252024_10_07_22_49_51_552246.wav,fold_en,2
enoutput_7302024_10_07_22_49_51_552246.wav,fold_en,2
enoutput_7352024_10_07_22_49_51_552246.wav,fold_en,2
enoutput_7402024_10_07_22_49_51_552246.wav,fold_en,2
enoutput_7452024_10_07_22_49_51_552246.wav,fold_en,2
enoutput_7502024_10_07_22_49_51_552246.wav,fold_en,2
enoutput_752024_10_07_22_49_51_552246.wav,fold_en,2
enoutput_7552024_10_07_22_49_51_552246.wav,fold_en,2
enoutput_7602024_10_07_22_49_51_552246.wav,fold_en,2
enoutput_7652024_10_07_22_49_51_552246.wav,fold_en,2
enoutput_7702024_10_07_22_49_51_552246.wav,fold_en,2
enoutput_7752024_10_07_22_49_51_552246.wav,fold_en,2
enoutput_7802024_10_07_22_49_51_552246.wav,fold_en,2
enoutput_7852024_10_07_22_49_51_552246.wav,fold_en,2
enoutput_7902024_10_07_22_49_51_552246.wav,fold_en,2
enoutput_7952024_10_07_22_49_51_552246.wav,fold_en,2
enoutput_8002024_10_07_22_49_51_552246.wav,fold_en,2
enoutput_802024_10_07_22_49_51_552246.wav,fold_en,2
enoutput_8052024_10_07_22_49_51_552246.wav,fold_en,2
enoutput_8102024_10_07_22_49_51_552246.wav,fold_en,2
enoutput_8152024_10_07_22_49_51_552246.wav,fold_en,2
enoutput_8202024_10_07_22_49_51_552246.wav,fold_en,2
enoutput_8252024_10_07_22_49_51_552246.wav,fold_en,2
enoutput_8302024_10_07_22_49_51_552246.wav,fold_en,2
enoutput_8352024_10_07_22_49_51_552246.wav,fold_en,2
enoutput_8402024_10_07_22_49_51_552246.wav,fold_en,2
enoutput_8452024_10_07_22_49_51_552246.wav,fold_en,2
enoutput_8502024_10_07_22_49_51_552246.wav,fold_en,2
enoutput_852024_10_07_22_49_51_552246.wav,fold_en,2
enoutput_8552024_10_07_22_49_51_552246.wav,fold_en,2
enoutput_8602024_10_07_22_49_51_552246.wav,fold_en,2
enoutput_8652024_10_07_22_49_51_552246.wav,fold_en,2
enoutput_8702024_10_07_22_49_51_552246.wav,fold_en,2
enoutput_8752024_10_07_22_49_51_552246.wav,fold_en,2
enoutput_8802024_10_07_22_49_51_552246.wav,fold_en,2
enoutput_8852024_10_07_22_49_51_552246.wav,fold_en,2
enoutput_8902024_10_07_22_49_51_552246.wav,fold_en,2
enoutput_8952024_10_07_22_49_51_552246.wav,fold_en,2
enoutput_9002024_10_07_22_49_51_552246.wav,fold_en,2
enoutput_902024_10_07_22_49_51_552246.wav,fold_en,2
enoutput_9052024_10_07_22_49_51_552246.wav,fold_en,2
enoutput_9102024_10_07_22_49_51_552246.wav,fold_en,2
enoutput_9152024_10_07_22_49_51_552246.wav,fold_en,2
enoutput_9202024_10_07_22_49_51_552246.wav,fold_en,2
enoutput_9252024_10_07_22_49_51_552246.wav,fold_en,2
enoutput_9302024_10_07_22_49_51_552246.wav,fold_en,2
enoutput_9352024_10_07_22_49_51_552246.wav,fold_en,2
enoutput_9402024_10_07_22_49_51_552246.wav,fold_en,2
enoutput_9452024_10_07_22_49_51_552246.wav,fold_en,2
enoutput_9502024_10_07_22_49_51_552246.wav,fold_en,2
enoutput_952024_10_07_22_49_51_552246.wav,fold_en,2
enoutput_9552024_10_07_22_49_51_552246.wav,fold_en,2
enoutput_9602024_10_07_22_49_51_552246.wav,fold_en,2
enoutput_9652024_10_07_22_49_51_552246.wav,fold_en,2
enoutput_9702024_10_07_22_49_51_552246.wav,fold_en,2
enoutput_9752024_10_07_22_49_51_552246.wav,fold_en,2
enoutput_9802024_10_07_22_49_51_552246.wav,fold_en,2
enoutput_9852024_10_07_22_49_51_552246.wav,fold_en,2
enoutput_9902024_10_07_22_49_51_552246.wav,fold_en,2
enoutput_9952024_10_07_22_49_51_552246.wav,fold_en,2
ko_02024_10_07_22_50_48_572831.wav,fold_ko,3
ko_10002024_10_07_22_50_48_572831.wav,fold_ko,3
ko_1002024_10_07_22_50_48_572831.wav,fold_ko,3
ko_10052024_10_07_22_50_48_572831.wav,fold_ko,3
ko_10102024_10_07_22_50_48_572831.wav,fold_ko,3
ko_10152024_10_07_22_50_48_572831.wav,fold_ko,3
ko_10202024_10_07_22_50_48_572831.wav,fold_ko,3
ko_102024_10_07_22_50_48_572831.wav,fold_ko,3
ko_10252024_10_07_22_50_48_572831.wav,fold_ko,3
ko_10302024_10_07_22_50_48_572831.wav,fold_ko,3
ko_10352024_10_07_22_50_48_572831.wav,fold_ko,3
ko_10402024_10_07_22_50_48_572831.wav,fold_ko,3
ko_10452024_10_07_22_50_48_572831.wav,fold_ko,3
ko_10502024_10_07_22_50_48_572831.wav,fold_ko,3
ko_1052024_10_07_22_50_48_572831.wav,fold_ko,3
ko_10552024_10_07_22_50_48_572831.wav,fold_ko,3
ko_10602024_10_07_22_50_48_572831.wav,fold_ko,3
ko_10652024_10_07_22_50_48_572831.wav,fold_ko,3
ko_10702024_10_07_22_50_48_572831.wav,fold_ko,3
ko_10752024_10_07_22_50_48_572831.wav,fold_ko,3
ko_10802024_10_07_22_50_48_572831.wav,fold_ko,3
ko_10852024_10_07_22_50_48_572831.wav,fold_ko,3
ko_10902024_10_07_22_50_48_572831.wav,fold_ko,3
ko_10952024_10_07_22_50_48_572831.wav,fold_ko,3
ko_11002024_10_07_22_50_48_572831.wav,fold_ko,3
ko_1102024_10_07_22_50_48_572831.wav,fold_ko,3
ko_11052024_10_07_22_50_48_572831.wav,fold_ko,3
ko_11102024_10_07_22_50_48_572831.wav,fold_ko,3
ko_11152024_10_07_22_50_48_572831.wav,fold_ko,3
ko_11202024_10_07_22_50_48_572831.wav,fold_ko,3
ko_11252024_10_07_22_50_48_572831.wav,fold_ko,3
ko_11302024_10_07_22_50_48_572831.wav,fold_ko,3
ko_11352024_10_07_22_50_48_572831.wav,fold_ko,3
ko_11402024_10_07_22_50_48_572831.wav,fold_ko,3
ko_11452024_10_07_22_50_48_572831.wav,fold_ko,3
ko_11502024_10_07_22_50_48_572831.wav,fold_ko,3
ko_1152024_10_07_22_50_48_572831.wav,fold_ko,3
ko_11552024_10_07_22_50_48_572831.wav,fold_ko,3
ko_11602024_10_07_22_50_48_572831.wav,fold_ko,3
ko_11652024_10_07_22_50_48_572831.wav,fold_ko,3
ko_11702024_10_07_22_50_48_572831.wav,fold_ko,3
ko_11752024_10_07_22_50_48_572831.wav,fold_ko,3
ko_11802024_10_07_22_50_48_572831.wav,fold_ko,3
ko_11852024_10_07_22_50_48_572831.wav,fold_ko,3
ko_11902024_10_07_22_50_48_572831.wav,fold_ko,3
ko_11952024_10_07_22_50_48_572831.wav,fold_ko,3
ko_12002024_10_07_22_50_48_572831.wav,fold_ko,3
ko_1202024_10_07_22_50_48_572831.wav,fold_ko,3
ko_12052024_10_07_22_50_48_572831.wav,fold_ko,3
ko_12102024_10_07_22_50_48_572831.wav,fold_ko,3
ko_12152024_10_07_22_50_48_572831.wav,fold_ko,3
ko_12202024_10_07_22_50_48_572831.wav,fold_ko,3
ko_12252024_10_07_22_50_48_572831.wav,fold_ko,3
ko_12302024_10_07_22_50_48_572831.wav,fold_ko,3
ko_12352024_10_07_22_50_48_572831.wav,fold_ko,3
ko_12402024_10_07_22_50_48_572831.wav,fold_ko,3
ko_12452024_10_07_22_50_48_572831.wav,fold_ko,3
ko_12502024_10_07_22_50_48_572831.wav,fold_ko,3
ko_1252024_10_07_22_50_48_572831.wav,fold_ko,3
ko_12552024_10_07_22_50_48_572831.wav,fold_ko,3
ko_12602024_10_07_22_50_48_572831.wav,fold_ko,3
ko_12652024_10_07_22_50_48_572831.wav,fold_ko,3
ko_12702024_10_07_22_50_48_572831.wav,fold_ko,3
ko_12752024_10_07_22_50_48_572831.wav,fold_ko,3
ko_12802024_10_07_22_50_48_572831.wav,fold_ko,3
ko_12852024_10_07_22_50_48_572831.wav,fold_ko,3
ko_12902024_10_07_22_50_48_572831.wav,fold_ko,3
ko_12952024_10_07_22_50_48_572831.wav,fold_ko,3
ko_13002024_10_07_22_50_48_572831.wav,fold_ko,3
ko_1302024_10_07_22_50_48_572831.wav,fold_ko,3
ko_13052024_10_07_22_50_48_572831.wav,fold_ko,3
ko_13102024_10_07_22_50_48_572831.wav,fold_ko,3
ko_13152024_10_07_22_50_48_572831.wav,fold_ko,3
ko_13202024_10_07_22_50_48_572831.wav,fold_ko,3
ko_13252024_10_07_22_50_48_572831.wav,fold_ko,3
ko_13302024_10_07_22_50_48_572831.wav,fold_ko,3
ko_13352024_10_07_22_50_48_572831.wav,fold_ko,3
ko_13402024_10_07_22_50_48_572831.wav,fold_ko,3
ko_13452024_10_07_22_50_48_572831.wav,fold_ko,3
ko_13502024_10_07_22_50_48_572831.wav,fold_ko,3
ko_1352024_10_07_22_50_48_572831.wav,fold_ko,3
ko_13552024_10_07_22_50_48_572831.wav,fold_ko,3
ko_13602024_10_07_22_50_48_572831.wav,fold_ko,3
ko_13652024_10_07_22_50_48_572831.wav,fold_ko,3
ko_13702024_10_07_22_50_48_572831.wav,fold_ko,3
ko_13752024_10_07_22_50_48_572831.wav,fold_ko,3
ko_13802024_10_07_22_50_48_572831.wav,fold_ko,3
ko_13852024_10_07_22_50_48_572831.wav,fold_ko,3
ko_13902024_10_07_22_50_48_572831.wav,fold_ko,3
ko_13952024_10_07_22_50_48_572831.wav,fold_ko,3
ko_14002024_10_07_22_50_48_572831.wav,fold_ko,3
ko_1402024_10_07_22_50_48_572831.wav,fold_ko,3
ko_14052024_10_07_22_50_48_572831.wav,fold_ko,3
ko_14102024_10_07_22_50_48_572831.wav,fold_ko,3
ko_14152024_10_07_22_50_48_572831.wav,fold_ko,3
ko_14202024_10_07_22_50_48_572831.wav,fold_ko,3
ko_14252024_10_07_22_50_48_572831.wav,fold_ko,3
ko_14302024_10_07_22_50_48_572831.wav,fold_ko,3
ko_14352024_10_07_22_50_48_572831.wav,fold_ko,3
ko_14402024_10_07_22_50_48_572831.wav,fold_ko,3
ko_14452024_10_07_22_50_48_572831.wav,fold_ko,3
ko_14502024_10_07_22_50_48_572831.wav,fold_ko,3
ko_1452024_10_07_22_50_48_572831.wav,fold_ko,3
ko_14552024_10_07_22_50_48_572831.wav,fold_ko,3
ko_14602024_10_07_22_50_48_572831.wav,fold_ko,3
ko_14652024_10_07_22_50_48_572831.wav,fold_ko,3
ko_14702024_10_07_22_50_48_572831.wav,fold_ko,3
ko_14752024_10_07_22_50_48_572831.wav,fold_ko,3
ko_14802024_10_07_22_50_48_572831.wav,fold_ko,3
ko_14852024_10_07_22_50_48_572831.wav,fold_ko,3
ko_14902024_10_07_22_50_48_572831.wav,fold_ko,3
ko_14952024_10_07_22_50_48_572831.wav,fold_ko,3
ko_15002024_10_07_22_50_48_572831.wav,fold_ko,3
ko_1502024_10_07_22_50_48_572831.wav,fold_ko,3
ko_15052024_10_07_22_50_48_572831.wav,fold_ko,3
ko_15102024_10_07_22_50_48_572831.wav,fold_ko,3
ko_15152024_10_07_22_50_48_572831.wav,fold_ko,3
ko_15202024_10_07_22_50_48_572831.wav,fold_ko,3
ko_152024_10_07_22_50_48_572831.wav,fold_ko,3
ko_15252024_10_07_22_50_48_572831.wav,fold_ko,3
ko_15302024_10_07_22_50_48_572831.wav,fold_ko,3
ko_15352024_10_07_22_50_48_572831.wav,fold_ko,3
ko_15402024_10_07_22_50_48_572831.wav,fold_ko,3
ko_15452024_10_07_22_50_48_572831.wav,fold_ko,3
ko_15502024_10_07_22_50_48_572831.wav,fold_ko,3
ko_1552024_10_07_22_50_48_572831.wav,fold_ko,3
ko_15552024_10_07_22_50_48_572831.wav,fold_ko,3
ko_15602024_10_07_22_50_48_572831.wav,fold_ko,3
ko_15652024_10_07_22_50_48_572831.wav,fold_ko,3
ko_15702024_10_07_22_50_48_572831.wav,fold_ko,3
ko_15752024_10_07_22_50_48_572831.wav,fold_ko,3
ko_15802024_10_07_22_50_48_572831.wav,fold_ko,3
ko_15852024_10_07_22_50_48_572831.wav,fold_ko,3
ko_15902024_10_07_22_50_48_572831.wav,fold_ko,3
ko_15952024_10_07_22_50_48_572831.wav,fold_ko,3
ko_16002024_10_07_22_50_48_572831.wav,fold_ko,3
ko_1602024_10_07_22_50_48_572831.wav,fold_ko,3
ko_16052024_10_07_22_50_48_572831.wav,fold_ko,3
ko_16102024_10_07_22_50_48_572831.wav,fold_ko,3
ko_16152024_10_07_22_50_48_572831.wav,fold_ko,3
ko_16202024_10_07_22_50_48_572831.wav,fold_ko,3
ko_16252024_10_07_22_50_48_572831.wav,fold_ko,3
ko_16302024_10_07_22_50_48_572831.wav,fold_ko,3
ko_16352024_10_07_22_50_48_572831.wav,fold_ko,3
ko_16402024_10_07_22_50_48_572831.wav,fold_ko,3
ko_16452024_10_07_22_50_48_572831.wav,fold_ko,3
ko_16502024_10_07_22_50_48_572831.wav,fold_ko,3
ko_1652024_10_07_22_50_48_572831.wav,fold_ko,3
ko_16552024_10_07_22_50_48_572831.wav,fold_ko,3
ko_16602024_10_07_22_50_48_572831.wav,fold_ko,3
ko_16652024_10_07_22_50_48_572831.wav,fold_ko,3
ko_16702024_10_07_22_50_48_572831.wav,fold_ko,3
ko_16752024_10_07_22_50_48_572831.wav,fold_ko,3
ko_16802024_10_07_22_50_48_572831.wav,fold_ko,3
ko_16852024_10_07_22_50_48_572831.wav,fold_ko,3
ko_16902024_10_07_22_50_48_572831.wav,fold_ko,3
ko_16952024_10_07_22_50_48_572831.wav,fold_ko,3
ko_17002024_10_07_22_50_48_572831.wav,fold_ko,3
ko_1702024_10_07_22_50_48_572831.wav,fold_ko,3
ko_17052024_10_07_22_50_48_572831.wav,fold_ko,3
ko_17102024_10_07_22_50_48_572831.wav,fold_ko,3
ko_17152024_10_07_22_50_48_572831.wav,fold_ko,3
ko_17202024_10_07_22_50_48_572831.wav,fold_ko,3
ko_17252024_10_07_22_50_48_572831.wav,fold_ko,3
ko_17302024_10_07_22_50_48_572831.wav,fold_ko,3
ko_17352024_10_07_22_50_48_572831.wav,fold_ko,3
ko_17402024_10_07_22_50_48_572831.wav,fold_ko,3
ko_17452024_10_07_22_50_48_572831.wav,fold_ko,3
ko_17502024_10_07_22_50_48_572831.wav,fold_ko,3
ko_1752024_10_07_22_50_48_572831.wav,fold_ko,3
ko_17552024_10_07_22_50_48_572831.wav,fold_ko,3
ko_17602024_10_07_22_50_48_572831.wav,fold_ko,3
ko_17652024_10_07_22_50_48_572831.wav,fold_ko,3
ko_17702024_10_07_22_50_48_572831.wav,fold_ko,3
ko_17752024_10_07_22_50_48_572831.wav,fold_ko,3
ko_17802024_10_07_22_50_48_572831.wav,fold_ko,3
ko_17852024_10_07_22_50_48_572831.wav,fold_ko,3
ko_17902024_10_07_22_50_48_572831.wav,fold_ko,3
ko_17952024_10_07_22_50_48_572831.wav,fold_ko,3
ko_18002024_10_07_22_50_48_572831.wav,fold_ko,3
ko_1802024_10_07_22_50_48_572831.wav,fold_ko,3
ko_18052024_10_07_22_50_48_572831.wav,fold_ko,3
ko_18102024_10_07_22_50_48_572831.wav,fold_ko,3
ko_18152024_10_07_22_50_48_572831.wav,fold_ko,3
ko_18202024_10_07_22_50_48_572831.wav,fold_ko,3
ko_18252024_10_07_22_50_48_572831.wav,fold_ko,3
ko_18302024_10_07_22_50_48_572831.wav,fold_ko,3
ko_18352024_10_07_22_50_48_572831.wav,fold_ko,3
ko_18402024_10_07_22_50_48_572831.wav,fold_ko,3
ko_18452024_10_07_22_50_48_572831.wav,fold_ko,3
ko_18502024_10_07_22_50_48_572831.wav,fold_ko,3
ko_1852024_10_07_22_50_48_572831.wav,fold_ko,3
ko_18552024_10_07_22_50_48_572831.wav,fold_ko,3
ko_18602024_10_07_22_50_48_572831.wav,fold_ko,3
ko_18652024_10_07_22_50_48_572831.wav,fold_ko,3
ko_18702024_10_07_22_50_48_572831.wav,fold_ko,3
ko_18752024_10_07_22_50_48_572831.wav,fold_ko,3
ko_18802024_10_07_22_50_48_572831.wav,fold_ko,3
ko_18852024_10_07_22_50_48_572831.wav,fold_ko,3
ko_18902024_10_07_22_50_48_572831.wav,fold_ko,3
ko_18952024_10_07_22_50_48_572831.wav,fold_ko,3
ko_19002024_10_07_22_50_48_572831.wav,fold_ko,3
ko_1902024_10_07_22_50_48_572831.wav,fold_ko,3
ko_19052024_10_07_22_50_48_572831.wav,fold_ko,3
ko_19102024_10_07_22_50_48_572831.wav,fold_ko,3
ko_19152024_10_07_22_50_48_572831.wav,fold_ko,3
ko_19202024_10_07_22_50_48_572831.wav,fold_ko,3
ko_19252024_10_07_22_50_48_572831.wav,fold_ko,3
ko_19302024_10_07_22_50_48_572831.wav,fold_ko,3
ko_19352024_10_07_22_50_48_572831.wav,fold_ko,3
ko_19402024_10_07_22_50_48_572831.wav,fold_ko,3
ko_19452024_10_07_22_50_48_572831.wav,fold_ko,3
ko_19502024_10_07_22_50_48_572831.wav,fold_ko,3
ko_1952024_10_07_22_50_48_572831.wav,fold_ko,3
ko_19552024_10_07_22_50_48_572831.wav,fold_ko,3
ko_19602024_10_07_22_50_48_572831.wav,fold_ko,3
ko_19652024_10_07_22_50_48_572831.wav,fold_ko,3
ko_19702024_10_07_22_50_48_572831.wav,fold_ko,3
ko_19752024_10_07_22_50_48_572831.wav,fold_ko,3
ko_19802024_10_07_22_50_48_572831.wav,fold_ko,3
ko_19852024_10_07_22_50_48_572831.wav,fold_ko,3
ko_19902024_10_07_22_50_48_572831.wav,fold_ko,3
ko_19952024_10_07_22_50_48_572831.wav,fold_ko,3
ko_20002024_10_07_22_50_48_572831.wav,fold_ko,3
ko_2002024_10_07_22_50_48_572831.wav,fold_ko,3
ko_20052024_10_07_22_50_48_572831.wav,fold_ko,3
ko_20102024_10_07_22_50_48_572831.wav,fold_ko,3
ko_20152024_10_07_22_50_48_572831.wav,fold_ko,3
ko_20202024_10_07_22_50_48_572831.wav,fold_ko,3
ko_202024_10_07_22_50_48_572831.wav,fold_ko,3
ko_20252024_10_07_22_50_48_572831.wav,fold_ko,3
ko_20302024_10_07_22_50_48_572831.wav,fold_ko,3
ko_20352024_10_07_22_50_48_572831.wav,fold_ko,3
ko_20402024_10_07_22_50_48_572831.wav,fold_ko,3
ko_20452024_10_07_22_50_48_572831.wav,fold_ko,3
ko_20502024_10_07_22_50_48_572831.wav,fold_ko,3
ko_2052024_10_07_22_50_48_572831.wav,fold_ko,3
ko_20552024_10_07_22_50_48_572831.wav,fold_ko,3
ko_20602024_10_07_22_50_48_572831.wav,fold_ko,3
ko_20652024_10_07_22_50_48_572831.wav,fold_ko,3
ko_20702024_10_07_22_50_48_572831.wav,fold_ko,3
ko_20752024_10_07_22_50_48_572831.wav,fold_ko,3
ko_20802024_10_07_22_50_48_572831.wav,fold_ko,3
ko_20852024_10_07_22_50_48_572831.wav,fold_ko,3
ko_20902024_10_07_22_50_48_572831.wav,fold_ko,3
ko_20952024_10_07_22_50_48_572831.wav,fold_ko,3
ko_21002024_10_07_22_50_48_572831.wav,fold_ko,3
ko_2102024_10_07_22_50_48_572831.wav,fold_ko,3
ko_21052024_10_07_22_50_48_572831.wav,fold_ko,3
ko_21102024_10_07_22_50_48_572831.wav,fold_ko,3
ko_21152024_10_07_22_50_48_572831.wav,fold_ko,3
ko_21202024_10_07_22_50_48_572831.wav,fold_ko,3
ko_21252024_10_07_22_50_48_572831.wav,fold_ko,3
ko_21302024_10_07_22_50_48_572831.wav,fold_ko,3
ko_21352024_10_07_22_50_48_572831.wav,fold_ko,3
ko_21402024_10_07_22_50_48_572831.wav,fold_ko,3
ko_21452024_10_07_22_50_48_572831.wav,fold_ko,3
ko_21502024_10_07_22_50_48_572831.wav,fold_ko,3
ko_2152024_10_07_22_50_48_572831.wav,fold_ko,3
ko_21552024_10_07_22_50_48_572831.wav,fold_ko,3
ko_21602024_10_07_22_50_48_572831.wav,fold_ko,3
ko_21652024_10_07_22_50_48_572831.wav,fold_ko,3
ko_21702024_10_07_22_50_48_572831.wav,fold_ko,3
ko_21752024_10_07_22_50_48_572831.wav,fold_ko,3
ko_21802024_10_07_22_50_48_572831.wav,fold_ko,3
ko_21852024_10_07_22_50_48_572831.wav,fold_ko,3
ko_21902024_10_07_22_50_48_572831.wav,fold_ko,3
ko_21952024_10_07_22_50_48_572831.wav,fold_ko,3
ko_22002024_10_07_22_50_48_572831.wav,fold_ko,3
ko_2202024_10_07_22_50_48_572831.wav,fold_ko,3
ko_22052024_10_07_22_50_48_572831.wav,fold_ko,3
ko_22102024_10_07_22_50_48_572831.wav,fold_ko,3
ko_22152024_10_07_22_50_48_572831.wav,fold_ko,3
ko_22202024_10_07_22_50_48_572831.wav,fold_ko,3
ko_22252024_10_07_22_50_48_572831.wav,fold_ko,3
ko_22302024_10_07_22_50_48_572831.wav,fold_ko,3
ko_22352024_10_07_22_50_48_572831.wav,fold_ko,3
ko_22402024_10_07_22_50_48_572831.wav,fold_ko,3
ko_22452024_10_07_22_50_48_572831.wav,fold_ko,3
ko_22502024_10_07_22_50_48_572831.wav,fold_ko,3
ko_2252024_10_07_22_50_48_572831.wav,fold_ko,3
ko_22552024_10_07_22_50_48_572831.wav,fold_ko,3
ko_22602024_10_07_22_50_48_572831.wav,fold_ko,3
ko_22652024_10_07_22_50_48_572831.wav,fold_ko,3
ko_22702024_10_07_22_50_48_572831.wav,fold_ko,3
ko_22752024_10_07_22_50_48_572831.wav,fold_ko,3
ko_22802024_10_07_22_50_48_572831.wav,fold_ko,3
ko_22852024_10_07_22_50_48_572831.wav,fold_ko,3
ko_22902024_10_07_22_50_48_572831.wav,fold_ko,3
ko_22952024_10_07_22_50_48_572831.wav,fold_ko,3
ko_23002024_10_07_22_50_48_572831.wav,fold_ko,3
ko_2302024_10_07_22_50_48_572831.wav,fold_ko,3
ko_23052024_10_07_22_50_48_572831.wav,fold_ko,3
ko_23102024_10_07_22_50_48_572831.wav,fold_ko,3
ko_23152024_10_07_22_50_48_572831.wav,fold_ko,3
ko_23202024_10_07_22_50_48_572831.wav,fold_ko,3
ko_23252024_10_07_22_50_48_572831.wav,fold_ko,3
ko_23302024_10_07_22_50_48_572831.wav,fold_ko,3
ko_23352024_10_07_22_50_48_572831.wav,fold_ko,3
ko_23402024_10_07_22_50_48_572831.wav,fold_ko,3
ko_23452024_10_07_22_50_48_572831.wav,fold_ko,3
ko_23502024_10_07_22_50_48_572831.wav,fold_ko,3
ko_2352024_10_07_22_50_48_572831.wav,fold_ko,3
ko_23552024_10_07_22_50_48_572831.wav,fold_ko,3
ko_23602024_10_07_22_50_48_572831.wav,fold_ko,3
ko_23652024_10_07_22_50_48_572831.wav,fold_ko,3
ko_23702024_10_07_22_50_48_572831.wav,fold_ko,3
ko_23752024_10_07_22_50_48_572831.wav,fold_ko,3
ko_23802024_10_07_22_50_48_572831.wav,fold_ko,3
ko_23852024_10_07_22_50_48_572831.wav,fold_ko,3
ko_23902024_10_07_22_50_48_572831.wav,fold_ko,3
ko_23952024_10_07_22_50_48_572831.wav,fold_ko,3
ko_24002024_10_07_22_50_48_572831.wav,fold_ko,3
ko_2402024_10_07_22_50_48_572831.wav,fold_ko,3
ko_24052024_10_07_22_50_48_572831.wav,fold_ko,3
ko_24102024_10_07_22_50_48_572831.wav,fold_ko,3
ko_24152024_10_07_22_50_48_572831.wav,fold_ko,3
ko_24202024_10_07_22_50_48_572831.wav,fold_ko,3
ko_24252024_10_07_22_50_48_572831.wav,fold_ko,3
ko_24302024_10_07_22_50_48_572831.wav,fold_ko,3
ko_24352024_10_07_22_50_48_572831.wav,fold_ko,3
ko_24402024_10_07_22_50_48_572831.wav,fold_ko,3
ko_24452024_10_07_22_50_48_572831.wav,fold_ko,3
ko_24502024_10_07_22_50_48_572831.wav,fold_ko,3
ko_2452024_10_07_22_50_48_572831.wav,fold_ko,3
ko_24552024_10_07_22_50_48_572831.wav,fold_ko,3
ko_24602024_10_07_22_50_48_572831.wav,fold_ko,3
ko_24652024_10_07_22_50_48_572831.wav,fold_ko,3
ko_24702024_10_07_22_50_48_572831.wav,fold_ko,3
ko_24752024_10_07_22_50_48_572831.wav,fold_ko,3
ko_24802024_10_07_22_50_48_572831.wav,fold_ko,3
ko_24852024_10_07_22_50_48_572831.wav,fold_ko,3
ko_24902024_10_07_22_50_48_572831.wav,fold_ko,3
ko_24952024_10_07_22_50_48_572831.wav,fold_ko,3
ko_25002024_10_07_22_50_48_572831.wav,fold_ko,3
ko_2502024_10_07_22_50_48_572831.wav,fold_ko,3
ko_25052024_10_07_22_50_48_572831.wav,fold_ko,3
ko_25102024_10_07_22_50_48_572831.wav,fold_ko,3
ko_25152024_10_07_22_50_48_572831.wav,fold_ko,3
ko_25202024_10_07_22_50_48_572831.wav,fold_ko,3
ko_252024_10_07_22_50_48_572831.wav,fold_ko,3
ko_25252024_10_07_22_50_48_572831.wav,fold_ko,3
ko_25302024_10_07_22_50_48_572831.wav,fold_ko,3
ko_25352024_10_07_22_50_48_572831.wav,fold_ko,3
ko_25402024_10_07_22_50_48_572831.wav,fold_ko,3
ko_25452024_10_07_22_50_48_572831.wav,fold_ko,3
ko_25502024_10_07_22_50_48_572831.wav,fold_ko,3
ko_2552024_10_07_22_50_48_572831.wav,fold_ko,3
ko_25552024_10_07_22_50_48_572831.wav,fold_ko,3
ko_25602024_10_07_22_50_48_572831.wav,fold_ko,3
ko_25652024_10_07_22_50_48_572831.wav,fold_ko,3
ko_25702024_10_07_22_50_48_572831.wav,fold_ko,3
ko_25752024_10_07_22_50_48_572831.wav,fold_ko,3
ko_25802024_10_07_22_50_48_572831.wav,fold_ko,3
ko_25852024_10_07_22_50_48_572831.wav,fold_ko,3
ko_25902024_10_07_22_50_48_572831.wav,fold_ko,3
ko_25952024_10_07_22_50_48_572831.wav,fold_ko,3
ko_26002024_10_07_22_50_48_572831.wav,fold_ko,3
ko_2602024_10_07_22_50_48_572831.wav,fold_ko,3
ko_26052024_10_07_22_50_48_572831.wav,fold_ko,3
ko_26102024_10_07_22_50_48_572831.wav,fold_ko,3
ko_26152024_10_07_22_50_48_572831.wav,fold_ko,3
ko_26202024_10_07_22_50_48_572831.wav,fold_ko,3
ko_26252024_10_07_22_50_48_572831.wav,fold_ko,3
ko_26302024_10_07_22_50_48_572831.wav,fold_ko,3
ko_26352024_10_07_22_50_48_572831.wav,fold_ko,3
ko_26402024_10_07_22_50_48_572831.wav,fold_ko,3
ko_26452024_10_07_22_50_48_572831.wav,fold_ko,3
ko_26502024_10_07_22_50_48_572831.wav,fold_ko,3
ko_2652024_10_07_22_50_48_572831.wav,fold_ko,3
ko_26552024_10_07_22_50_48_572831.wav,fold_ko,3
ko_26602024_10_07_22_50_48_572831.wav,fold_ko,3
ko_26652024_10_07_22_50_48_572831.wav,fold_ko,3
ko_26702024_10_07_22_50_48_572831.wav,fold_ko,3
ko_26752024_10_07_22_50_48_572831.wav,fold_ko,3
ko_26802024_10_07_22_50_48_572831.wav,fold_ko,3
ko_26852024_10_07_22_50_48_572831.wav,fold_ko,3
ko_26902024_10_07_22_50_48_572831.wav,fold_ko,3
ko_26952024_10_07_22_50_48_572831.wav,fold_ko,3
ko_27002024_10_07_22_50_48_572831.wav,fold_ko,3
ko_2702024_10_07_22_50_48_572831.wav,fold_ko,3
ko_27052024_10_07_22_50_48_572831.wav,fold_ko,3
ko_27102024_10_07_22_50_48_572831.wav,fold_ko,3
ko_27152024_10_07_22_50_48_572831.wav,fold_ko,3
ko_27202024_10_07_22_50_48_572831.wav,fold_ko,3
ko_27252024_10_07_22_50_48_572831.wav,fold_ko,3
ko_27302024_10_07_22_50_48_572831.wav,fold_ko,3
ko_27352024_10_07_22_50_48_572831.wav,fold_ko,3
ko_27402024_10_07_22_50_48_572831.wav,fold_ko,3
ko_27452024_10_07_22_50_48_572831.wav,fold_ko,3
ko_27502024_10_07_22_50_48_572831.wav,fold_ko,3
ko_2752024_10_07_22_50_48_572831.wav,fold_ko,3
ko_27552024_10_07_22_50_48_572831.wav,fold_ko,3
ko_27602024_10_07_22_50_48_572831.wav,fold_ko,3
ko_27652024_10_07_22_50_48_572831.wav,fold_ko,3
ko_27702024_10_07_22_50_48_572831.wav,fold_ko,3
ko_27752024_10_07_22_50_48_572831.wav,fold_ko,3
ko_27802024_10_07_22_50_48_572831.wav,fold_ko,3
ko_27852024_10_07_22_50_48_572831.wav,fold_ko,3
ko_27902024_10_07_22_50_48_572831.wav,fold_ko,3
ko_27952024_10_07_22_50_48_572831.wav,fold_ko,3
ko_28002024_10_07_22_50_48_572831.wav,fold_ko,3
ko_2802024_10_07_22_50_48_572831.wav,fold_ko,3
ko_28052024_10_07_22_50_48_572831.wav,fold_ko,3
ko_28102024_10_07_22_50_48_572831.wav,fold_ko,3
ko_28152024_10_07_22_50_48_572831.wav,fold_ko,3
ko_28202024_10_07_22_50_48_572831.wav,fold_ko,3
ko_28252024_10_07_22_50_48_572831.wav,fold_ko,3
ko_28302024_10_07_22_50_48_572831.wav,fold_ko,3
ko_28352024_10_07_22_50_48_572831.wav,fold_ko,3
ko_28402024_10_07_22_50_48_572831.wav,fold_ko,3
ko_28452024_10_07_22_50_48_572831.wav,fold_ko,3
ko_28502024_10_07_22_50_48_572831.wav,fold_ko,3
ko_2852024_10_07_22_50_48_572831.wav,fold_ko,3
ko_28552024_10_07_22_50_48_572831.wav,fold_ko,3
ko_28602024_10_07_22_50_48_572831.wav,fold_ko,3
ko_28652024_10_07_22_50_48_572831.wav,fold_ko,3
ko_28702024_10_07_22_50_48_572831.wav,fold_ko,3
ko_28752024_10_07_22_50_48_572831.wav,fold_ko,3
ko_28802024_10_07_22_50_48_572831.wav,fold_ko,3
ko_28852024_10_07_22_50_48_572831.wav,fold_ko,3
ko_28902024_10_07_22_50_48_572831.wav,fold_ko,3
ko_28952024_10_07_22_50_48_572831.wav,fold_ko,3
ko_29002024_10_07_22_50_48_572831.wav,fold_ko,3
ko_2902024_10_07_22_50_48_572831.wav,fold_ko,3
ko_29052024_10_07_22_50_48_572831.wav,fold_ko,3
ko_29102024_10_07_22_50_48_572831.wav,fold_ko,3
ko_29152024_10_07_22_50_48_572831.wav,fold_ko,3
ko_29202024_10_07_22_50_48_572831.wav,fold_ko,3
ko_29252024_10_07_22_50_48_572831.wav,fold_ko,3
ko_29302024_10_07_22_50_48_572831.wav,fold_ko,3
ko_29352024_10_07_22_50_48_572831.wav,fold_ko,3
ko_29402024_10_07_22_50_48_572831.wav,fold_ko,3
ko_29452024_10_07_22_50_48_572831.wav,fold_ko,3
ko_29502024_10_07_22_50_48_572831.wav,fold_ko,3
ko_2952024_10_07_22_50_48_572831.wav,fold_ko,3
ko_29552024_10_07_22_50_48_572831.wav,fold_ko,3
ko_29602024_10_07_22_50_48_572831.wav,fold_ko,3
ko_29652024_10_07_22_50_48_572831.wav,fold_ko,3
ko_29702024_10_07_22_50_48_572831.wav,fold_ko,3
ko_29752024_10_07_22_50_48_572831.wav,fold_ko,3
ko_29802024_10_07_22_50_48_572831.wav,fold_ko,3
ko_29852024_10_07_22_50_48_572831.wav,fold_ko,3
ko_29902024_10_07_22_50_48_572831.wav,fold_ko,3
ko_29952024_10_07_22_50_48_572831.wav,fold_ko,3
ko_30002024_10_07_22_50_48_572831.wav,fold_ko,3
ko_3002024_10_07_22_50_48_572831.wav,fold_ko,3
ko_30052024_10_07_22_50_48_572831.wav,fold_ko,3
ko_30102024_10_07_22_50_48_572831.wav,fold_ko,3
ko_30152024_10_07_22_50_48_572831.wav,fold_ko,3
ko_30202024_10_07_22_50_48_572831.wav,fold_ko,3
ko_302024_10_07_22_50_48_572831.wav,fold_ko,3
ko_30252024_10_07_22_50_48_572831.wav,fold_ko,3
ko_30302024_10_07_22_50_48_572831.wav,fold_ko,3
ko_30352024_10_07_22_50_48_572831.wav,fold_ko,3
ko_30402024_10_07_22_50_48_572831.wav,fold_ko,3
ko_30452024_10_07_22_50_48_572831.wav,fold_ko,3
ko_30502024_10_07_22_50_48_572831.wav,fold_ko,3
ko_3052024_10_07_22_50_48_572831.wav,fold_ko,3
ko_30552024_10_07_22_50_48_572831.wav,fold_ko,3
ko_30602024_10_07_22_50_48_572831.wav,fold_ko,3
ko_30652024_10_07_22_50_48_572831.wav,fold_ko,3
ko_30702024_10_07_22_50_48_572831.wav,fold_ko,3
ko_30752024_10_07_22_50_48_572831.wav,fold_ko,3
ko_30802024_10_07_22_50_48_572831.wav,fold_ko,3
ko_30852024_10_07_22_50_48_572831.wav,fold_ko,3
ko_30902024_10_07_22_50_48_572831.wav,fold_ko,3
ko_30952024_10_07_22_50_48_572831.wav,fold_ko,3
ko_31002024_10_07_22_50_48_572831.wav,fold_ko,3
ko_3102024_10_07_22_50_48_572831.wav,fold_ko,3
ko_31052024_10_07_22_50_48_572831.wav,fold_ko,3
ko_31102024_10_07_22_50_48_572831.wav,fold_ko,3
ko_31152024_10_07_22_50_48_572831.wav,fold_ko,3
ko_31202024_10_07_22_50_48_572831.wav,fold_ko,3
ko_31252024_10_07_22_50_48_572831.wav,fold_ko,3
ko_31302024_10_07_22_50_48_572831.wav,fold_ko,3
ko_31352024_10_07_22_50_48_572831.wav,fold_ko,3
ko_31402024_10_07_22_50_48_572831.wav,fold_ko,3
ko_31452024_10_07_22_50_48_572831.wav,fold_ko,3
ko_31502024_10_07_22_50_48_572831.wav,fold_ko,3
ko_3152024_10_07_22_50_48_572831.wav,fold_ko,3
ko_31552024_10_07_22_50_48_572831.wav,fold_ko,3
ko_31602024_10_07_22_50_48_572831.wav,fold_ko,3
ko_31652024_10_07_22_50_48_572831.wav,fold_ko,3
ko_31702024_10_07_22_50_48_572831.wav,fold_ko,3
ko_31752024_10_07_22_50_48_572831.wav,fold_ko,3
ko_31802024_10_07_22_50_48_572831.wav,fold_ko,3
ko_31852024_10_07_22_50_48_572831.wav,fold_ko,3
ko_31902024_10_07_22_50_48_572831.wav,fold_ko,3
ko_31952024_10_07_22_50_48_572831.wav,fold_ko,3
ko_32002024_10_07_22_50_48_572831.wav,fold_ko,3
ko_3202024_10_07_22_50_48_572831.wav,fold_ko,3
ko_32052024_10_07_22_50_48_572831.wav,fold_ko,3
ko_32102024_10_07_22_50_48_572831.wav,fold_ko,3
ko_32152024_10_07_22_50_48_572831.wav,fold_ko,3
ko_32202024_10_07_22_50_48_572831.wav,fold_ko,3
ko_32252024_10_07_22_50_48_572831.wav,fold_ko,3
ko_32302024_10_07_22_50_48_572831.wav,fold_ko,3
ko_32352024_10_07_22_50_48_572831.wav,fold_ko,3
ko_32402024_10_07_22_50_48_572831.wav,fold_ko,3
ko_32452024_10_07_22_50_48_572831.wav,fold_ko,3
ko_32502024_10_07_22_50_48_572831.wav,fold_ko,3
ko_3252024_10_07_22_50_48_572831.wav,fold_ko,3
ko_32552024_10_07_22_50_48_572831.wav,fold_ko,3
ko_32602024_10_07_22_50_48_572831.wav,fold_ko,3
ko_32652024_10_07_22_50_48_572831.wav,fold_ko,3
ko_32702024_10_07_22_50_48_572831.wav,fold_ko,3
ko_32752024_10_07_22_50_48_572831.wav,fold_ko,3
ko_32802024_10_07_22_50_48_572831.wav,fold_ko,3
ko_32852024_10_07_22_50_48_572831.wav,fold_ko,3
ko_32902024_10_07_22_50_48_572831.wav,fold_ko,3
ko_32952024_10_07_22_50_48_572831.wav,fold_ko,3
ko_33002024_10_07_22_50_48_572831.wav,fold_ko,3
ko_3302024_10_07_22_50_48_572831.wav,fold_ko,3
ko_33052024_10_07_22_50_48_572831.wav,fold_ko,3
ko_33102024_10_07_22_50_48_572831.wav,fold_ko,3
ko_33152024_10_07_22_50_48_572831.wav,fold_ko,3
ko_33202024_10_07_22_50_48_572831.wav,fold_ko,3
ko_33252024_10_07_22_50_48_572831.wav,fold_ko,3
ko_33302024_10_07_22_50_48_572831.wav,fold_ko,3
ko_33352024_10_07_22_50_48_572831.wav,fold_ko,3
ko_33402024_10_07_22_50_48_572831.wav,fold_ko,3
ko_33452024_10_07_22_50_48_572831.wav,fold_ko,3
ko_33502024_10_07_22_50_48_572831.wav,fold_ko,3
ko_3352024_10_07_22_50_48_572831.wav,fold_ko,3
ko_33552024_10_07_22_50_48_572831.wav,fold_ko,3
ko_33602024_10_07_22_50_48_572831.wav,fold_ko,3
ko_33652024_10_07_22_50_48_572831.wav,fold_ko,3
ko_33702024_10_07_22_50_48_572831.wav,fold_ko,3
ko_33752024_10_07_22_50_48_572831.wav,fold_ko,3
ko_33802024_10_07_22_50_48_572831.wav,fold_ko,3
ko_33852024_10_07_22_50_48_572831.wav,fold_ko,3
ko_33902024_10_07_22_50_48_572831.wav,fold_ko,3
ko_33952024_10_07_22_50_48_572831.wav,fold_ko,3
ko_34002024_10_07_22_50_48_572831.wav,fold_ko,3
ko_3402024_10_07_22_50_48_572831.wav,fold_ko,3
ko_34052024_10_07_22_50_48_572831.wav,fold_ko,3
ko_34102024_10_07_22_50_48_572831.wav,fold_ko,3
ko_34152024_10_07_22_50_48_572831.wav,fold_ko,3
ko_34202024_10_07_22_50_48_572831.wav,fold_ko,3
ko_34252024_10_07_22_50_48_572831.wav,fold_ko,3
ko_34302024_10_07_22_50_48_572831.wav,fold_ko,3
ko_34352024_10_07_22_50_48_572831.wav,fold_ko,3
ko_34402024_10_07_22_50_48_572831.wav,fold_ko,3
ko_34452024_10_07_22_50_48_572831.wav,fold_ko,3
ko_34502024_10_07_22_50_48_572831.wav,fold_ko,3
ko_3452024_10_07_22_50_48_572831.wav,fold_ko,3
ko_34552024_10_07_22_50_48_572831.wav,fold_ko,3
ko_34602024_10_07_22_50_48_572831.wav,fold_ko,3
ko_34652024_10_07_22_50_48_572831.wav,fold_ko,3
ko_34702024_10_07_22_50_48_572831.wav,fold_ko,3
ko_34752024_10_07_22_50_48_572831.wav,fold_ko,3
ko_34802024_10_07_22_50_48_572831.wav,fold_ko,3
ko_34852024_10_07_22_50_48_572831.wav,fold_ko,3
ko_34902024_10_07_22_50_48_572831.wav,fold_ko,3
ko_34952024_10_07_22_50_48_572831.wav,fold_ko,3
ko_35002024_10_07_22_50_48_572831.wav,fold_ko,3
ko_3502024_10_07_22_50_48_572831.wav,fold_ko,3
ko_35052024_10_07_22_50_48_572831.wav,fold_ko,3
ko_35102024_10_07_22_50_48_572831.wav,fold_ko,3
ko_35152024_10_07_22_50_48_572831.wav,fold_ko,3
ko_35202024_10_07_22_50_48_572831.wav,fold_ko,3
ko_352024_10_07_22_50_48_572831.wav,fold_ko,3
ko_35252024_10_07_22_50_48_572831.wav,fold_ko,3
ko_35302024_10_07_22_50_48_572831.wav,fold_ko,3
ko_35352024_10_07_22_50_48_572831.wav,fold_ko,3
ko_35402024_10_07_22_50_48_572831.wav,fold_ko,3
ko_35452024_10_07_22_50_48_572831.wav,fold_ko,3
ko_35502024_10_07_22_50_48_572831.wav,fold_ko,3
ko_3552024_10_07_22_50_48_572831.wav,fold_ko,3
ko_35552024_10_07_22_50_48_572831.wav,fold_ko,3
ko_35602024_10_07_22_50_48_572831.wav,fold_ko,3
ko_35652024_10_07_22_50_48_572831.wav,fold_ko,3
ko_35702024_10_07_22_50_48_572831.wav,fold_ko,3
ko_35752024_10_07_22_50_48_572831.wav,fold_ko,3
ko_35802024_10_07_22_50_48_572831.wav,fold_ko,3
ko_35852024_10_07_22_50_48_572831.wav,fold_ko,3
ko_35902024_10_07_22_50_48_572831.wav,fold_ko,3
ko_35952024_10_07_22_50_48_572831.wav,fold_ko,3
ko_36002024_10_07_22_50_48_572831.wav,fold_ko,3
ko_3602024_10_07_22_50_48_572831.wav,fold_ko,3
ko_36052024_10_07_22_50_48_572831.wav,fold_ko,3
ko_36102024_10_07_22_50_48_572831.wav,fold_ko,3
ko_36152024_10_07_22_50_48_572831.wav,fold_ko,3
ko_36202024_10_07_22_50_48_572831.wav,fold_ko,3
ko_36252024_10_07_22_50_48_572831.wav,fold_ko,3
ko_36302024_10_07_22_50_48_572831.wav,fold_ko,3
ko_36352024_10_07_22_50_48_572831.wav,fold_ko,3
ko_36402024_10_07_22_50_48_572831.wav,fold_ko,3
ko_36452024_10_07_22_50_48_572831.wav,fold_ko,3
ko_36502024_10_07_22_50_48_572831.wav,fold_ko,3
ko_3652024_10_07_22_50_48_572831.wav,fold_ko,3
ko_36552024_10_07_22_50_48_572831.wav,fold_ko,3
ko_36602024_10_07_22_50_48_572831.wav,fold_ko,3
ko_36652024_10_07_22_50_48_572831.wav,fold_ko,3
ko_36702024_10_07_22_50_48_572831.wav,fold_ko,3
ko_36752024_10_07_22_50_48_572831.wav,fold_ko,3
ko_36802024_10_07_22_50_48_572831.wav,fold_ko,3
ko_36852024_10_07_22_50_48_572831.wav,fold_ko,3
ko_36902024_10_07_22_50_48_572831.wav,fold_ko,3
ko_36952024_10_07_22_50_48_572831.wav,fold_ko,3
ko_37002024_10_07_22_50_48_572831.wav,fold_ko,3
ko_3702024_10_07_22_50_48_572831.wav,fold_ko,3
ko_37052024_10_07_22_50_48_572831.wav,fold_ko,3
ko_37102024_10_07_22_50_48_572831.wav,fold_ko,3
ko_37152024_10_07_22_50_48_572831.wav,fold_ko,3
ko_37202024_10_07_22_50_48_572831.wav,fold_ko,3
ko_37252024_10_07_22_50_48_572831.wav,fold_ko,3
ko_37302024_10_07_22_50_48_572831.wav,fold_ko,3
ko_37352024_10_07_22_50_48_572831.wav,fold_ko,3
ko_37402024_10_07_22_50_48_572831.wav,fold_ko,3
ko_37452024_10_07_22_50_48_572831.wav,fold_ko,3
ko_37502024_10_07_22_50_48_572831.wav,fold_ko,3
ko_3752024_10_07_22_50_48_572831.wav,fold_ko,3
ko_37552024_10_07_22_50_48_572831.wav,fold_ko,3
ko_3802024_10_07_22_50_48_572831.wav,fold_ko,3
ko_3852024_10_07_22_50_48_572831.wav,fold_ko,3
ko_3902024_10_07_22_50_48_572831.wav,fold_ko,3
ko_3952024_10_07_22_50_48_572831.wav,fold_ko,3
ko_4002024_10_07_22_50_48_572831.wav,fold_ko,3
ko_402024_10_07_22_50_48_572831.wav,fold_ko,3
ko_4052024_10_07_22_50_48_572831.wav,fold_ko,3
ko_4102024_10_07_22_50_48_572831.wav,fold_ko,3
ko_4152024_10_07_22_50_48_572831.wav,fold_ko,3
ko_4202024_10_07_22_50_48_572831.wav,fold_ko,3
ko_4252024_10_07_22_50_48_572831.wav,fold_ko,3
ko_4302024_10_07_22_50_48_572831.wav,fold_ko,3
ko_4352024_10_07_22_50_48_572831.wav,fold_ko,3
ko_4402024_10_07_22_50_48_572831.wav,fold_ko,3
ko_4452024_10_07_22_50_48_572831.wav,fold_ko,3
ko_4502024_10_07_22_50_48_572831.wav,fold_ko,3
ko_452024_10_07_22_50_48_572831.wav,fold_ko,3
ko_4552024_10_07_22_50_48_572831.wav,fold_ko,3
ko_4602024_10_07_22_50_48_572831.wav,fold_ko,3
ko_4652024_10_07_22_50_48_572831.wav,fold_ko,3
ko_4702024_10_07_22_50_48_572831.wav,fold_ko,3
ko_4752024_10_07_22_50_48_572831.wav,fold_ko,3
ko_4802024_10_07_22_50_48_572831.wav,fold_ko,3
ko_4852024_10_07_22_50_48_572831.wav,fold_ko,3
ko_4902024_10_07_22_50_48_572831.wav,fold_ko,3
ko_4952024_10_07_22_50_48_572831.wav,fold_ko,3
ko_5002024_10_07_22_50_48_572831.wav,fold_ko,3
ko_502024_10_07_22_50_48_572831.wav,fold_ko,3
ko_5052024_10_07_22_50_48_572831.wav,fold_ko,3
ko_5102024_10_07_22_50_48_572831.wav,fold_ko,3
ko_5152024_10_07_22_50_48_572831.wav,fold_ko,3
ko_5202024_10_07_22_50_48_572831.wav,fold_ko,3
ko_52024_10_07_22_50_48_572831.wav,fold_ko,3
ko_5252024_10_07_22_50_48_572831.wav,fold_ko,3
ko_5302024_10_07_22_50_48_572831.wav,fold_ko,3
ko_5352024_10_07_22_50_48_572831.wav,fold_ko,3
ko_5402024_10_07_22_50_48_572831.wav,fold_ko,3
ko_5452024_10_07_22_50_48_572831.wav,fold_ko,3
ko_5502024_10_07_22_50_48_572831.wav,fold_ko,3
ko_552024_10_07_22_50_48_572831.wav,fold_ko,3
ko_5552024_10_07_22_50_48_572831.wav,fold_ko,3
ko_5602024_10_07_22_50_48_572831.wav,fold_ko,3
ko_5652024_10_07_22_50_48_572831.wav,fold_ko,3
ko_5702024_10_07_22_50_48_572831.wav,fold_ko,3
ko_5752024_10_07_22_50_48_572831.wav,fold_ko,3
ko_5802024_10_07_22_50_48_572831.wav,fold_ko,3
ko_5852024_10_07_22_50_48_572831.wav,fold_ko,3
ko_5902024_10_07_22_50_48_572831.wav,fold_ko,3
ko_5952024_10_07_22_50_48_572831.wav,fold_ko,3
ko_6002024_10_07_22_50_48_572831.wav,fold_ko,3
ko_602024_10_07_22_50_48_572831.wav,fold_ko,3
ko_6052024_10_07_22_50_48_572831.wav,fold_ko,3
ko_6102024_10_07_22_50_48_572831.wav,fold_ko,3
ko_6152024_10_07_22_50_48_572831.wav,fold_ko,3
ko_6202024_10_07_22_50_48_572831.wav,fold_ko,3
ko_6252024_10_07_22_50_48_572831.wav,fold_ko,3
ko_6302024_10_07_22_50_48_572831.wav,fold_ko,3
ko_6352024_10_07_22_50_48_572831.wav,fold_ko,3
ko_6402024_10_07_22_50_48_572831.wav,fold_ko,3
ko_6452024_10_07_22_50_48_572831.wav,fold_ko,3
ko_6502024_10_07_22_50_48_572831.wav,fold_ko,3
ko_652024_10_07_22_50_48_572831.wav,fold_ko,3
ko_6552024_10_07_22_50_48_572831.wav,fold_ko,3
ko_6602024_10_07_22_50_48_572831.wav,fold_ko,3
ko_6652024_10_07_22_50_48_572831.wav,fold_ko,3
ko_6702024_10_07_22_50_48_572831.wav,fold_ko,3
ko_6752024_10_07_22_50_48_572831.wav,fold_ko,3
ko_6802024_10_07_22_50_48_572831.wav,fold_ko,3
ko_6852024_10_07_22_50_48_572831.wav,fold_ko,3
ko_6902024_10_07_22_50_48_572831.wav,fold_ko,3
ko_6952024_10_07_22_50_48_572831.wav,fold_ko,3
ko_7002024_10_07_22_50_48_572831.wav,fold_ko,3
ko_702024_10_07_22_50_48_572831.wav,fold_ko,3
ko_7052024_10_07_22_50_48_572831.wav,fold_ko,3
ko_7102024_10_07_22_50_48_572831.wav,fold_ko,3
ko_7152024_10_07_22_50_48_572831.wav,fold_ko,3
ko_7202024_10_07_22_50_48_572831.wav,fold_ko,3
ko_7252024_10_07_22_50_48_572831.wav,fold_ko,3
ko_7302024_10_07_22_50_48_572831.wav,fold_ko,3
ko_7352024_10_07_22_50_48_572831.wav,fold_ko,3
ko_7402024_10_07_22_50_48_572831.wav,fold_ko,3
ko_7452024_10_07_22_50_48_572831.wav,fold_ko,3
ko_7502024_10_07_22_50_48_572831.wav,fold_ko,3
ko_752024_10_07_22_50_48_572831.wav,fold_ko,3
ko_7552024_10_07_22_50_48_572831.wav,fold_ko,3
ko_7602024_10_07_22_50_48_572831.wav,fold_ko,3
ko_7652024_10_07_22_50_48_572831.wav,fold_ko,3
ko_7702024_10_07_22_50_48_572831.wav,fold_ko,3
ko_7752024_10_07_22_50_48_572831.wav,fold_ko,3
ko_7802024_10_07_22_50_48_572831.wav,fold_ko,3
ko_7852024_10_07_22_50_48_572831.wav,fold_ko,3
ko_7902024_10_07_22_50_48_572831.wav,fold_ko,3
ko_7952024_10_07_22_50_48_572831.wav,fold_ko,3
ko_8002024_10_07_22_50_48_572831.wav,fold_ko,3
ko_802024_10_07_22_50_48_572831.wav,fold_ko,3
ko_8052024_10_07_22_50_48_572831.wav,fold_ko,3
ko_8102024_10_07_22_50_48_572831.wav,fold_ko,3
ko_8152024_10_07_22_50_48_572831.wav,fold_ko,3
ko_8202024_10_07_22_50_48_572831.wav,fold_ko,3
ko_8252024_10_07_22_50_48_572831.wav,fold_ko,3
ko_8302024_10_07_22_50_48_572831.wav,fold_ko,3
ko_8352024_10_07_22_50_48_572831.wav,fold_ko,3
ko_8402024_10_07_22_50_48_572831.wav,fold_ko,3
ko_8452024_10_07_22_50_48_572831.wav,fold_ko,3
ko_8502024_10_07_22_50_48_572831.wav,fold_ko,3
ko_852024_10_07_22_50_48_572831.wav,fold_ko,3
ko_8552024_10_07_22_50_48_572831.wav,fold_ko,3
ko_8602024_10_07_22_50_48_572831.wav,fold_ko,3
ko_8652024_10_07_22_50_48_572831.wav,fold_ko,3
ko_8702024_10_07_22_50_48_572831.wav,fold_ko,3
ko_8752024_10_07_22_50_48_572831.wav,fold_ko,3
ko_8802024_10_07_22_50_48_572831.wav,fold_ko,3
ko_8852024_10_07_22_50_48_572831.wav,fold_ko,3
ko_8902024_10_07_22_50_48_572831.wav,fold_ko,3
ko_8952024_10_07_22_50_48_572831.wav,fold_ko,3
ko_9002024_10_07_22_50_48_572831.wav,fold_ko,3
ko_902024_10_07_22_50_48_572831.wav,fold_ko,3
ko_9052024_10_07_22_50_48_572831.wav,fold_ko,3
ko_9102024_10_07_22_50_48_572831.wav,fold_ko,3
ko_9152024_10_07_22_50_48_572831.wav,fold_ko,3
ko_9202024_10_07_22_50_48_572831.wav,fold_ko,3
ko_9252024_10_07_22_50_48_572831.wav,fold_ko,3
ko_9302024_10_07_22_50_48_572831.wav,fold_ko,3
ko_9352024_10_07_22_50_48_572831.wav,fold_ko,3
ko_9402024_10_07_22_50_48_572831.wav,fold_ko,3
ko_9452024_10_07_22_50_48_572831.wav,fold_ko,3
ko_9502024_10_07_22_50_48_572831.wav,fold_ko,3
ko_952024_10_07_22_50_48_572831.wav,fold_ko,3
ko_9552024_10_07_22_50_48_572831.wav,fold_ko,3
ko_9602024_10_07_22_50_48_572831.wav,fold_ko,3
ko_9652024_10_07_22_50_48_572831.wav,fold_ko,3
ko_9702024_10_07_22_50_48_572831.wav,fold_ko,3
ko_9752024_10_07_22_50_48_572831.wav,fold_ko,3
ko_9802024_10_07_22_50_48_572831.wav,fold_ko,3
ko_9852024_10_07_22_50_48_572831.wav,fold_ko,3
ko_9902024_10_07_22_50_48_572831.wav,fold_ko,3
ko_9952024_10_07_22_50_48_572831.wav,fold_ko,3
vi_02024_10_07_22_51_46_917742.wav,fold_vi,1
vi_1002024_10_07_22_51_46_917742.wav,fold_vi,1
vi_102024_10_07_22_51_46_917742.wav,fold_vi,1
vi_1052024_10_07_22_51_46_917742.wav,fold_vi,1
vi_1102024_10_07_22_51_46_917742.wav,fold_vi,1
vi_1152024_10_07_22_51_46_917742.wav,fold_vi,1
vi_1202024_10_07_22_51_46_917742.wav,fold_vi,1
vi_1252024_10_07_22_51_46_917742.wav,fold_vi,1
vi_1302024_10_07_22_51_46_917742.wav,fold_vi,1
vi_1352024_10_07_22_51_46_917742.wav,fold_vi,1
vi_1402024_10_07_22_51_46_917742.wav,fold_vi,1
vi_1452024_10_07_22_51_46_917742.wav,fold_vi,1
vi_1502024_10_07_22_51_46_917742.wav,fold_vi,1
vi_152024_10_07_22_51_46_917742.wav,fold_vi,1
vi_1552024_10_07_22_51_46_917742.wav,fold_vi,1
vi_1602024_10_07_22_51_46_917742.wav,fold_vi,1
vi_1652024_10_07_22_51_46_917742.wav,fold_vi,1
vi_1702024_10_07_22_51_46_917742.wav,fold_vi,1
vi_1752024_10_07_22_51_46_917742.wav,fold_vi,1
vi_1802024_10_07_22_51_46_917742.wav,fold_vi,1
vi_1852024_10_07_22_51_46_917742.wav,fold_vi,1
vi_1902024_10_07_22_51_46_917742.wav,fold_vi,1
vi_1952024_10_07_22_51_46_917742.wav,fold_vi,1
vi_2002024_10_07_22_51_46_917742.wav,fold_vi,1
vi_202024_10_07_22_51_46_917742.wav,fold_vi,1
vi_2052024_10_07_22_51_46_917742.wav,fold_vi,1
vi_2102024_10_07_22_51_46_917742.wav,fold_vi,1
vi_2152024_10_07_22_51_46_917742.wav,fold_vi,1
vi_2202024_10_07_22_51_46_917742.wav,fold_vi,1
vi_2252024_10_07_22_51_46_917742.wav,fold_vi,1
vi_2302024_10_07_22_51_46_917742.wav,fold_vi,1
vi_2352024_10_07_22_51_46_917742.wav,fold_vi,1
vi_2402024_10_07_22_51_46_917742.wav,fold_vi,1
vi_2452024_10_07_22_51_46_917742.wav,fold_vi,1
vi_2502024_10_07_22_51_46_917742.wav,fold_vi,1
vi_252024_10_07_22_51_46_917742.wav,fold_vi,1
vi_2552024_10_07_22_51_46_917742.wav,fold_vi,1
vi_2602024_10_07_22_51_46_917742.wav,fold_vi,1
vi_2652024_10_07_22_51_46_917742.wav,fold_vi,1
vi_2702024_10_07_22_51_46_917742.wav,fold_vi,1
vi_2752024_10_07_22_51_46_917742.wav,fold_vi,1
vi_2802024_10_07_22_51_46_917742.wav,fold_vi,1
vi_2852024_10_07_22_51_46_917742.wav,fold_vi,1
vi_2902024_10_07_22_51_46_917742.wav,fold_vi,1
vi_2952024_10_07_22_51_46_917742.wav,fold_vi,1
vi_3002024_10_07_22_51_46_917742.wav,fold_vi,1
vi_302024_10_07_22_51_46_917742.wav,fold_vi,1
vi_3052024_10_07_22_51_46_917742.wav,fold_vi,1
vi_3102024_10_07_22_51_46_917742.wav,fold_vi,1
vi_3152024_10_07_22_51_46_917742.wav,fold_vi,1
vi_3202024_10_07_22_51_46_917742.wav,fold_vi,1
vi_3252024_10_07_22_51_46_917742.wav,fold_vi,1
vi_3302024_10_07_22_51_46_917742.wav,fold_vi,1
vi_3352024_10_07_22_51_46_917742.wav,fold_vi,1
vi_3402024_10_07_22_51_46_917742.wav,fold_vi,1
vi_3452024_10_07_22_51_46_917742.wav,fold_vi,1
vi_3502024_10_07_22_51_46_917742.wav,fold_vi,1
vi_352024_10_07_22_51_46_917742.wav,fold_vi,1
vi_3552024_10_07_22_51_46_917742.wav,fold_vi,1
vi_3602024_10_07_22_51_46_917742.wav,fold_vi,1
vi_3652024_10_07_22_51_46_917742.wav,fold_vi,1
vi_3702024_10_07_22_51_46_917742.wav,fold_vi,1
vi_3752024_10_07_22_51_46_917742.wav,fold_vi,1
vi_3802024_10_07_22_51_46_917742.wav,fold_vi,1
vi_3852024_10_07_22_51_46_917742.wav,fold_vi,1
vi_3902024_10_07_22_51_46_917742.wav,fold_vi,1
vi_3952024_10_07_22_51_46_917742.wav,fold_vi,1
vi_4002024_10_07_22_51_46_917742.wav,fold_vi,1
vi_402024_10_07_22_51_46_917742.wav,fold_vi,1
vi_4052024_10_07_22_51_46_917742.wav,fold_vi,1
vi_4102024_10_07_22_51_46_917742.wav,fold_vi,1
vi_4152024_10_07_22_51_46_917742.wav,fold_vi,1
vi_4202024_10_07_22_51_46_917742.wav,fold_vi,1
vi_4252024_10_07_22_51_46_917742.wav,fold_vi,1
vi_4302024_10_07_22_51_46_917742.wav,fold_vi,1
vi_4352024_10_07_22_51_46_917742.wav,fold_vi,1
vi_4402024_10_07_22_51_46_917742.wav,fold_vi,1
vi_4452024_10_07_22_51_46_917742.wav,fold_vi,1
vi_4502024_10_07_22_51_46_917742.wav,fold_vi,1
vi_452024_10_07_22_51_46_917742.wav,fold_vi,1
vi_4552024_10_07_22_51_46_917742.wav,fold_vi,1
vi_4602024_10_07_22_51_46_917742.wav,fold_vi,1
vi_4652024_10_07_22_51_46_917742.wav,fold_vi,1
vi_4702024_10_07_22_51_46_917742.wav,fold_vi,1
vi_4752024_10_07_22_51_46_917742.wav,fold_vi,1
vi_4802024_10_07_22_51_46_917742.wav,fold_vi,1
vi_4852024_10_07_22_51_46_917742.wav,fold_vi,1
vi_4902024_10_07_22_51_46_917742.wav,fold_vi,1
vi_4952024_10_07_22_51_46_917742.wav,fold_vi,1
vi_5002024_10_07_22_51_46_917742.wav,fold_vi,1
vi_502024_10_07_22_51_46_917742.wav,fold_vi,1
vi_5052024_10_07_22_51_46_917742.wav,fold_vi,1
vi_5102024_10_07_22_51_46_917742.wav,fold_vi,1
vi_5152024_10_07_22_51_46_917742.wav,fold_vi,1
vi_5202024_10_07_22_51_46_917742.wav,fold_vi,1
vi_52024_10_07_22_51_46_917742.wav,fold_vi,1
vi_5252024_10_07_22_51_46_917742.wav,fold_vi,1
vi_5302024_10_07_22_51_46_917742.wav,fold_vi,1
vi_5352024_10_07_22_51_46_917742.wav,fold_vi,1
vi_5402024_10_07_22_51_46_917742.wav,fold_vi,1
vi_5452024_10_07_22_51_46_917742.wav,fold_vi,1
vi_5502024_10_07_22_51_46_917742.wav,fold_vi,1
vi_552024_10_07_22_51_46_917742.wav,fold_vi,1
vi_5552024_10_07_22_51_46_917742.wav,fold_vi,1
vi_5602024_10_07_22_51_46_917742.wav,fold_vi,1
vi_5652024_10_07_22_51_46_917742.wav,fold_vi,1
vi_5702024_10_07_22_51_46_917742.wav,fold_vi,1
vi_5752024_10_07_22_51_46_917742.wav,fold_vi,1
vi_5802024_10_07_22_51_46_917742.wav,fold_vi,1
vi_5852024_10_07_22_51_46_917742.wav,fold_vi,1
vi_5902024_10_07_22_51_46_917742.wav,fold_vi,1
vi_5952024_10_07_22_51_46_917742.wav,fold_vi,1
vi_6002024_10_07_22_51_46_917742.wav,fold_vi,1
vi_602024_10_07_22_51_46_917742.wav,fold_vi,1
vi_6052024_10_07_22_51_46_917742.wav,fold_vi,1
vi_6102024_10_07_22_51_46_917742.wav,fold_vi,1
vi_6152024_10_07_22_51_46_917742.wav,fold_vi,1
vi_6202024_10_07_22_51_46_917742.wav,fold_vi,1
vi_6252024_10_07_22_51_46_917742.wav,fold_vi,1
vi_6302024_10_07_22_51_46_917742.wav,fold_vi,1
vi_6352024_10_07_22_51_46_917742.wav,fold_vi,1
vi_6402024_10_07_22_51_46_917742.wav,fold_vi,1
vi_6452024_10_07_22_51_46_917742.wav,fold_vi,1
vi_6502024_10_07_22_51_46_917742.wav,fold_vi,1
vi_652024_10_07_22_51_46_917742.wav,fold_vi,1
vi_6552024_10_07_22_51_46_917742.wav,fold_vi,1
vi_6602024_10_07_22_51_46_917742.wav,fold_vi,1
vi_6652024_10_07_22_51_46_917742.wav,fold_vi,1
vi_6702024_10_07_22_51_46_917742.wav,fold_vi,1
vi_6752024_10_07_22_51_46_917742.wav,fold_vi,1
vi_6802024_10_07_22_51_46_917742.wav,fold_vi,1
vi_6852024_10_07_22_51_46_917742.wav,fold_vi,1
vi_6902024_10_07_22_51_46_917742.wav,fold_vi,1
vi_6952024_10_07_22_51_46_917742.wav,fold_vi,1
vi_7002024_10_07_22_51_46_917742.wav,fold_vi,1
vi_702024_10_07_22_51_46_917742.wav,fold_vi,1
vi_7052024_10_07_22_51_46_917742.wav,fold_vi,1
vi_7102024_10_07_22_51_46_917742.wav,fold_vi,1
vi_7152024_10_07_22_51_46_917742.wav,fold_vi,1
vi_7202024_10_07_22_51_46_917742.wav,fold_vi,1
vi_7252024_10_07_22_51_46_917742.wav,fold_vi,1
vi_752024_10_07_22_51_46_917742.wav,fold_vi,1
vi_802024_10_07_22_51_46_917742.wav,fold_vi,1
vi_852024_10_07_22_51_46_917742.wav,fold_vi,1
vi_902024_10_07_22_51_46_917742.wav,fold_vi,1
vi_952024_10_07_22_51_46_917742.wav,fold_vi,1
